Workbook

Sheet Overview
A1: CloudBench | Research overview
A2: SIMULATED DATA – NOT REAL CLOUD MEASUREMENTS
A3: Cohort selectors: A4 scenario; B4 load; C4 endpoint. H4 cost level. Only valid independent runs.
A4: steady | B4: medium | C4: all | H4: medium
A5: Model | B5: Valid runs | C5: Mean run p50 (ms) | D5: Mean run p95 (ms) | E5: Mean run p99 (ms) | F5: Throughput (req/s) | G5: Error rate (%) | H5: Monthly cost (USD) | I5: Capacity status
A6: IAAS | B6: =COUNTIFS('Per Run'!$C$6:$C$304,LOWER(A6),'Per Run'!$D$6:$D$304,$A$4,'Per Run'!$E$6:$E$304,$B$4,'Per Run'!$F$6:$F$304,$C$4,'Per Run'!$AE$6:$AE$304,TRUE) -> 5 | C6: =IFERROR(AVERAGEIFS('Per Run'!$M$6:$M$304,'Per Run'!$C$6:$C$304,LOWER(A6),'Per Run'!$D$6:$D$304,$A$4,'Per Run'!$E$6:$E$304,$B$4,'Per Run'!$F$6:$F$304,$C$4,'Per Run'!$AE$6:$AE$304,TRUE),"N/A") -> 36.996008 | D6: =IFERROR(AVERAGEIFS('Per Run'!$N$6:$N$304,'Per Run'!$C$6:$C$304,LOWER(A6),'Per Run'!$D$6:$D$304,$A$4,'Per Run'!$E$6:$E$304,$B$4,'Per Run'!$F$6:$F$304,$C$4,'Per Run'!$AE$6:$AE$304,TRUE),"N/A") -> 104.96013 | E6: =IFERROR(AVERAGEIFS('Per Run'!$O$6:$O$304,'Per Run'!$C$6:$C$304,LOWER(A6),'Per Run'!$D$6:$D$304,$A$4,'Per Run'!$E$6:$E$304,$B$4,'Per Run'!$F$6:$F$304,$C$4,'Per Run'!$AE$6:$AE$304,TRUE),"N/A") -> 173.32995 | F6: =IFERROR(AVERAGEIFS('Per Run'!$V$6:$V$304,'Per Run'!$C$6:$C$304,LOWER(A6),'Per Run'!$D$6:$D$304,$A$4,'Per Run'!$E$6:$E$304,$B$4,'Per Run'!$F$6:$F$304,$C$4,'Per Run'!$AE$6:$AE$304,TRUE),"N/A") -> 19.966667 | G6: =IFERROR(AVERAGEIFS('Per Run'!$Y$6:$Y$304,'Per Run'!$C$6:$C$304,LOWER(A6),'Per Run'!$D$6:$D$304,$A$4,'Per Run'!$E$6:$E$304,$B$4,'Per Run'!$F$6:$F$304,$C$4,'Per Run'!$AE$6:$AE$304,TRUE),"N/A") -> 1.3888889 | H6: =SUMIFS('Cost Summary'!$J$6:$J$14,'Cost Summary'!$A$6:$A$14,$H$4,'Cost Summary'!$B$6:$B$14,LOWER(A6)) -> 61.930282 | I6: =IFERROR(INDEX('Cost Summary'!$I$6:$I$14,MATCH($H$4&"|"&LOWER(A6),'Cost Summary'!$M$6:$M$14,0)),"N/A") -> UNVERIFIED
A7: PAAS | B7: =COUNTIFS('Per Run'!$C$6:$C$304,LOWER(A7),'Per Run'!$D$6:$D$304,$A$4,'Per Run'!$E$6:$E$304,$B$4,'Per Run'!$F$6:$F$304,$C$4,'Per Run'!$AE$6:$AE$304,TRUE) -> 5 | C7: =IFERROR(AVERAGEIFS('Per Run'!$M$6:$M$304,'Per Run'!$C$6:$C$304,LOWER(A7),'Per Run'!$D$6:$D$304,$A$4,'Per Run'!$E$6:$E$304,$B$4,'Per Run'!$F$6:$F$304,$C$4,'Per Run'!$AE$6:$AE$304,TRUE),"N/A") -> 39.380918 | D7: =IFERROR(AVERAGEIFS('Per Run'!$N$6:$N$304,'Per Run'!$C$6:$C$304,LOWER(A7),'Per Run'!$D$6:$D$304,$A$4,'Per Run'!$E$6:$E$304,$B$4,'Per Run'!$F$6:$F$304,$C$4,'Per Run'!$AE$6:$AE$304,TRUE),"N/A") -> 112.62468 | E7: =IFERROR(AVERAGEIFS('Per Run'!$O$6:$O$304,'Per Run'!$C$6:$C$304,LOWER(A7),'Per Run'!$D$6:$D$304,$A$4,'Per Run'!$E$6:$E$304,$B$4,'Per Run'!$F$6:$F$304,$C$4,'Per Run'!$AE$6:$AE$304,TRUE),"N/A") -> 223.80003 | F7: =IFERROR(AVERAGEIFS('Per Run'!$V$6:$V$304,'Per Run'!$C$6:$C$304,LOWER(A7),'Per Run'!$D$6:$D$304,$A$4,'Per Run'!$E$6:$E$304,$B$4,'Per Run'!$F$6:$F$304,$C$4,'Per Run'!$AE$6:$AE$304,TRUE),"N/A") -> 19.988889 | G7: =IFERROR(AVERAGEIFS('Per Run'!$Y$6:$Y$304,'Per Run'!$C$6:$C$304,LOWER(A7),'Per Run'!$D$6:$D$304,$A$4,'Per Run'!$E$6:$E$304,$B$4,'Per Run'!$F$6:$F$304,$C$4,'Per Run'!$AE$6:$AE$304,TRUE),"N/A") -> 1.4444444 | H7: =SUMIFS('Cost Summary'!$J$6:$J$14,'Cost Summary'!$A$6:$A$14,$H$4,'Cost Summary'!$B$6:$B$14,LOWER(A7)) -> 8.9718688 | I7: =IFERROR(INDEX('Cost Summary'!$I$6:$I$14,MATCH($H$4&"|"&LOWER(A7),'Cost Summary'!$M$6:$M$14,0)),"N/A") -> ESTIMATED_SUPPORTED
A8: FAAS | B8: =COUNTIFS('Per Run'!$C$6:$C$304,LOWER(A8),'Per Run'!$D$6:$D$304,$A$4,'Per Run'!$E$6:$E$304,$B$4,'Per Run'!$F$6:$F$304,$C$4,'Per Run'!$AE$6:$AE$304,TRUE) -> 5 | C8: =IFERROR(AVERAGEIFS('Per Run'!$M$6:$M$304,'Per Run'!$C$6:$C$304,LOWER(A8),'Per Run'!$D$6:$D$304,$A$4,'Per Run'!$E$6:$E$304,$B$4,'Per Run'!$F$6:$F$304,$C$4,'Per Run'!$AE$6:$AE$304,TRUE),"N/A") -> 37.735715 | D8: =IFERROR(AVERAGEIFS('Per Run'!$N$6:$N$304,'Per Run'!$C$6:$C$304,LOWER(A8),'Per Run'!$D$6:$D$304,$A$4,'Per Run'!$E$6:$E$304,$B$4,'Per Run'!$F$6:$F$304,$C$4,'Per Run'!$AE$6:$AE$304,TRUE),"N/A") -> 105.32929 | E8: =IFERROR(AVERAGEIFS('Per Run'!$O$6:$O$304,'Per Run'!$C$6:$C$304,LOWER(A8),'Per Run'!$D$6:$D$304,$A$4,'Per Run'!$E$6:$E$304,$B$4,'Per Run'!$F$6:$F$304,$C$4,'Per Run'!$AE$6:$AE$304,TRUE),"N/A") -> 165.78197 | F8: =IFERROR(AVERAGEIFS('Per Run'!$V$6:$V$304,'Per Run'!$C$6:$C$304,LOWER(A8),'Per Run'!$D$6:$D$304,$A$4,'Per Run'!$E$6:$E$304,$B$4,'Per Run'!$F$6:$F$304,$C$4,'Per Run'!$AE$6:$AE$304,TRUE),"N/A") -> 20 | G8: =IFERROR(AVERAGEIFS('Per Run'!$Y$6:$Y$304,'Per Run'!$C$6:$C$304,LOWER(A8),'Per Run'!$D$6:$D$304,$A$4,'Per Run'!$E$6:$E$304,$B$4,'Per Run'!$F$6:$F$304,$C$4,'Per Run'!$AE$6:$AE$304,TRUE),"N/A") -> 1.7777778 | H8: =SUMIFS('Cost Summary'!$J$6:$J$14,'Cost Summary'!$A$6:$A$14,$H$4,'Cost Summary'!$B$6:$B$14,LOWER(A8)) -> 8.9718688 | I8: =IFERROR(INDEX('Cost Summary'!$I$6:$I$14,MATCH($H$4&"|"&LOWER(A8),'Cost Summary'!$M$6:$M$14,0)),"N/A") -> ESTIMATED_SUPPORTED
A10: INCONCLUSIVE for empirical GCP conclusions in DEMO. Capacity is a separate requirement; latency and cost have different scopes.
A37: Bảng nguồn đầy đủ ở Per Run / Confidence; không dùng biểu đồ mean như kiểm định thống kê.

Sheet Per Run
A1: Per Run
A2: SIMULATED DATA – NOT REAL CLOUD MEASUREMENTS
A3: results\processed\demo\per_run.csv
A5: data_mode | B5: run_id | C5: model | D5: scenario | E5: load_level | F5: endpoint | G5: repeat | H5: request_count | I5: success_count | J5: failure_count | K5: unknown_outcome_count | L5: mean_ms | M5: p50_ms | N5: p95_ms | O5: p99_ms | P5: min_ms | Q5: max_ms | R5: std_ms | S5: cv | T5: duration_seconds | U5: offered_rps | V5: achieved_rps | W5: cohort_rps | X5: goodput_rps | Y5: error_rate_pct | Z5: dropped_iterations | AA5: dropped_rate_pct | AB5: cold_count | AC5: cold_ratio_pct | AD5: unknown_classification_count | AE5: valid_for_comparison | AF5: status | AG5: p99_warning | AH5: warning
A6: DEMO | B6: simulated-faas-burst-burst-mixed-r01 | C6: faas | D6: burst | E6: burst | F6: all | G6: 1 | H6: 830 | I6: 817 | J6: 13 | K6: 0 | L6: 75.594245 | M6: 60.30029 | N6: 172.47119 | O6: 252.8246 | P6: 15.696553 | Q6: 1488.7454 | R6: 68.439908 | S6: 0.90535871 | T6: 20 | U6: 41.5 | V6: 41.5 | W6: 41.5 | X6: 40.85 | Y6: 1.5662651 | Z6: 0 | AA6: 0 | AB6: 0 | AC6: 0 | AD6: 43 | AE6: TRUE | AF6: COMPLETE | AG6: UNSTABLE_SMALL_SAMPLE
A7: DEMO | B7: simulated-faas-burst-burst-mixed-r01 | C7: faas | D7: burst | E7: burst | F7: cpu | G7: 1 | H7: 83 | I7: 82 | J7: 1 | K7: 0 | L7: 180.45591 | M7: 158.45627 | N7: 262.30618 | O7: 581.25835 | P7: 51.196236 | Q7: 1488.7454 | R7: 157.9181 | S7: 0.87510628 | T7: 20 | U7: 4.15 | V7: 4.15 | W7: 4.15 | X7: 4.1 | Y7: 1.2048193 | AB7: 0 | AC7: 0 | AD7: 3 | AE7: TRUE | AF7: COMPLETE | AG7: UNSTABLE_SMALL_SAMPLE
A8: DEMO | B8: simulated-faas-burst-burst-mixed-r01 | C8: faas | D8: burst | E8: burst | F8: read | G8: 1 | H8: 586 | I8: 577 | J8: 9 | K8: 0 | L8: 58.008621 | M8: 53.407455 | N8: 102.7781 | O8: 121.36719 | P8: 15.696553 | Q8: 498.52723 | R8: 29.058782 | S8: 0.50093902 | T8: 20 | U8: 29.05 | V8: 29.3 | W8: 29.3 | X8: 28.85 | Y8: 1.5358362 | AB8: 0 | AC8: 0 | AD8: 34 | AE8: TRUE | AF8: COMPLETE | AG8: UNSTABLE_SMALL_SAMPLE
A9: DEMO | B9: simulated-faas-burst-burst-mixed-r01 | C9: faas | D9: burst | E9: burst | F9: write | G9: 1 | H9: 161 | I9: 158 | J9: 3 | K9: 0 | L9: 85.542427 | M9: 78.590468 | N9: 161.04107 | O9: 199.79074 | P9: 25.392753 | Q9: 241.75394 | R9: 38.26909 | S9: 0.4473697 | T9: 20 | U9: 8.3 | V9: 8.05 | W9: 8.05 | X9: 7.9 | Y9: 1.863354 | AB9: 0 | AC9: 0 | AD9: 6 | AE9: TRUE | AF9: COMPLETE | AG9: UNSTABLE_SMALL_SAMPLE
A10: DEMO | B10: simulated-faas-burst-burst-mixed-r02 | C10: faas | D10: burst | E10: burst | F10: all | G10: 2 | H10: 830 | I10: 819 | J10: 11 | K10: 0 | L10: 61.503221 | M10: 48.221026 | N10: 137.76545 | O10: 252.33866 | P10: 11.806276 | Q10: 587.50153 | R10: 49.986968 | S10: 0.81275366 | T10: 20 | U10: 41.5 | V10: 41.5 | W10: 41.5 | X10: 40.95 | Y10: 1.3253012 | Z10: 0 | AA10: 0 | AB10: 0 | AC10: 0 | AD10: 41 | AE10: TRUE | AF10: COMPLETE | AG10: UNSTABLE_SMALL_SAMPLE
A11: DEMO | B11: simulated-faas-burst-burst-mixed-r02 | C11: faas | D11: burst | E11: burst | F11: cpu | G11: 2 | H11: 84 | I11: 83 | J11: 1 | K11: 0 | L11: 146.57061 | M11: 127.01131 | N11: 280.99287 | O11: 376.00366 | P11: 56.410148 | Q11: 505.28224 | R11: 74.546858 | S11: 0.50860714 | T11: 20 | U11: 4.15 | V11: 4.2 | W11: 4.2 | X11: 4.15 | Y11: 1.1904762 | AB11: 0 | AC11: 0 | AD11: 8 | AE11: TRUE | AF11: COMPLETE | AG11: UNSTABLE_SMALL_SAMPLE
A12: DEMO | B12: simulated-faas-burst-burst-mixed-r02 | C12: faas | D12: burst | E12: burst | F12: read | G12: 2 | H12: 575 | I12: 570 | J12: 5 | K12: 0 | L12: 47.260514 | M12: 41.128759 | N12: 79.749278 | O12: 109.67899 | P12: 11.806276 | Q12: 587.50153 | R12: 35.775338 | S12: 0.75698156 | T12: 20 | U12: 29.05 | V12: 28.75 | W12: 28.75 | X12: 28.5 | Y12: 0.86956522 | AB12: 0 | AC12: 0 | AD12: 29 | AE12: TRUE | AF12: COMPLETE | AG12: UNSTABLE_SMALL_SAMPLE
A13: DEMO | B13: simulated-faas-burst-burst-mixed-r02 | C13: faas | D13: burst | E13: burst | F13: write | G13: 2 | H13: 171 | I13: 166 | J13: 5 | K13: 0 | L13: 67.607875 | M13: 61.843339 | N13: 125.51231 | O13: 176.17127 | P13: 21.749134 | Q13: 182.91678 | R13: 29.169334 | S13: 0.43144877 | T13: 20 | U13: 8.3 | V13: 8.55 | W13: 8.55 | X13: 8.3 | Y13: 2.9239766 | AB13: 0 | AC13: 0 | AD13: 4 | AE13: TRUE | AF13: COMPLETE | AG13: UNSTABLE_SMALL_SAMPLE
A14: DEMO | B14: simulated-faas-burst-burst-mixed-r03 | C14: faas | D14: burst | E14: burst | F14: all | G14: 3 | H14: 830 | I14: 815 | J14: 15 | K14: 0 | L14: 76.625614 | M14: 59.562369 | N14: 171.92935 | O14: 308.78726 | P14: 13.574096 | Q14: 932.97067 | R14: 72.149367 | S14: 0.94158289 | T14: 20 | U14: 41.5 | V14: 41.5 | W14: 41.5 | X14: 40.75 | Y14: 1.8072289 | Z14: 0 | AA14: 0 | AB14: 0 | AC14: 0 | AD14: 57 | AE14: TRUE | AF14: COMPLETE | AG14: UNSTABLE_SMALL_SAMPLE
A15: DEMO | B15: simulated-faas-burst-burst-mixed-r03 | C15: faas | D15: burst | E15: burst | F15: cpu | G15: 3 | H15: 90 | I15: 88 | J15: 2 | K15: 0 | L15: 157.34514 | M15: 149.09363 | N15: 280.74705 | O15: 339.52251 | P15: 61.672689 | Q15: 356.13958 | R15: 61.684467 | S15: 0.39203287 | T15: 20 | U15: 4.15 | V15: 4.5 | W15: 4.5 | X15: 4.4 | Y15: 2.2222222 | AB15: 0 | AC15: 0 | AD15: 6 | AE15: TRUE | AF15: COMPLETE | AG15: UNSTABLE_SMALL_SAMPLE
A16: DEMO | B16: simulated-faas-burst-burst-mixed-r03 | C16: faas | D16: burst | E16: burst | F16: read | G16: 3 | H16: 568 | I16: 558 | J16: 10 | K16: 0 | L16: 61.768472 | M16: 49.74793 | N16: 101.14199 | O16: 249.67205 | P16: 13.574096 | Q16: 932.97067 | R16: 73.484645 | S16: 1.1896789 | T16: 20 | U16: 29.05 | V16: 28.4 | W16: 28.4 | X16: 27.9 | Y16: 1.7605634 | AB16: 0 | AC16: 0 | AD16: 37 | AE16: TRUE | AF16: COMPLETE | AG16: UNSTABLE_SMALL_SAMPLE
A17: DEMO | B17: simulated-faas-burst-burst-mixed-r03 | C17: faas | D17: burst | E17: burst | F17: write | G17: 3 | H17: 172 | I17: 169 | J17: 3 | K17: 0 | L17: 83.451773 | M17: 77.160097 | N17: 142.87436 | O17: 185.45091 | P17: 21.631114 | Q17: 221.40202 | R17: 33.781809 | S17: 0.40480636 | T17: 20 | U17: 8.3 | V17: 8.6 | W17: 8.6 | X17: 8.45 | Y17: 1.744186 | AB17: 0 | AC17: 0 | AD17: 14 | AE17: TRUE | AF17: COMPLETE | AG17: UNSTABLE_SMALL_SAMPLE
A18: DEMO | B18: simulated-faas-burst-burst-mixed-r04 | C18: faas | D18: burst | E18: burst | F18: all | G18: 4 | H18: 830 | I18: 822 | J18: 8 | K18: 0 | L18: 64.593328 | M18: 48.647238 | N18: 148.37239 | O18: 247.64716 | P18: 13.85325 | Q18: 1702.56 | R18: 77.429398 | S18: 1.1987213 | T18: 20 | U18: 41.5 | V18: 41.5 | W18: 41.5 | X18: 41.1 | Y18: 0.96385542 | Z18: 0 | AA18: 0 | AB18: 0 | AC18: 0 | AD18: 30 | AE18: TRUE | AF18: COMPLETE | AG18: UNSTABLE_SMALL_SAMPLE
A19: DEMO | B19: simulated-faas-burst-burst-mixed-r04 | C19: faas | D19: burst | E19: burst | F19: cpu | G19: 4 | H19: 96 | I19: 95 | J19: 1 | K19: 0 | L19: 159.64623 | M19: 137.40863 | N19: 261.23805 | O19: 450.45181 | P19: 49.701554 | Q19: 1702.56 | R19: 171.07403 | S19: 1.0715821 | T19: 20 | U19: 4.15 | V19: 4.8 | W19: 4.8 | X19: 4.75 | Y19: 1.0416667 | AB19: 0 | AC19: 0 | AD19: 3 | AE19: TRUE | AF19: COMPLETE | AG19: UNSTABLE_SMALL_SAMPLE
A20: DEMO | B20: simulated-faas-burst-burst-mixed-r04 | C20: faas | D20: burst | E20: burst | F20: read | G20: 4 | H20: 574 | I20: 569 | J20: 5 | K20: 0 | L20: 47.26039 | M20: 41.358389 | N20: 85.990763 | O20: 105.10479 | P20: 13.85325 | Q20: 924.16184 | R20: 41.383823 | S20: 0.87565553 | T20: 20 | U20: 29.05 | V20: 28.7 | W20: 28.7 | X20: 28.45 | Y20: 0.87108014 | AB20: 0 | AC20: 0 | AD20: 21 | AE20: TRUE | AF20: COMPLETE | AG20: UNSTABLE_SMALL_SAMPLE
A21: DEMO | B21: simulated-faas-burst-burst-mixed-r04 | C21: faas | D21: burst | E21: burst | F21: write | G21: 4 | H21: 160 | I21: 158 | J21: 2 | K21: 0 | L21: 69.743504 | M21: 64.673646 | N21: 127.13199 | O21: 170.75816 | P21: 21.592088 | Q21: 209.39364 | R21: 32.157673 | S21: 0.46108485 | T21: 20 | U21: 8.3 | V21: 8 | W21: 8 | X21: 7.9 | Y21: 1.25 | AB21: 0 | AC21: 0 | AD21: 6 | AE21: TRUE | AF21: COMPLETE | AG21: UNSTABLE_SMALL_SAMPLE
A22: DEMO | B22: simulated-faas-burst-burst-mixed-r05 | C22: faas | D22: burst | E22: burst | F22: all | G22: 5 | H22: 830 | I22: 825 | J22: 5 | K22: 0 | L22: 76.548301 | M22: 58.504724 | N22: 176.06628 | O22: 352.70529 | P22: 13.628824 | Q22: 1141.1705 | R22: 74.935884 | S22: 0.97893596 | T22: 20 | U22: 41.5 | V22: 41.5 | W22: 41.5 | X22: 41.25 | Y22: 0.60240964 | Z22: 0 | AA22: 0 | AB22: 0 | AC22: 0 | AD22: 49 | AE22: TRUE | AF22: COMPLETE | AG22: UNSTABLE_SMALL_SAMPLE
A23: DEMO | B23: simulated-faas-burst-burst-mixed-r05 | C23: faas | D23: burst | E23: burst | F23: cpu | G23: 5 | H23: 78 | I23: 77 | J23: 1 | K23: 0 | L23: 192.67877 | M23: 171.37764 | N23: 363.30294 | O23: 395.94203 | P23: 75.534784 | Q23: 406.81314 | R23: 86.080828 | S23: 0.44675824 | T23: 20 | U23: 4.15 | V23: 3.9 | W23: 3.9 | X23: 3.85 | Y23: 1.2820513 | AB23: 0 | AC23: 0 | AD23: 4 | AE23: TRUE | AF23: COMPLETE | AG23: UNSTABLE_SMALL_SAMPLE
A24: DEMO | B24: simulated-faas-burst-burst-mixed-r05 | C24: faas | D24: burst | E24: burst | F24: read | G24: 5 | H24: 597 | I24: 594 | J24: 3 | K24: 0 | L24: 57.953907 | M24: 50.90026 | N24: 101.93026 | O24: 140.59786 | P24: 13.628824 | Q24: 855.4549 | R24: 50.625464 | S24: 0.87354705 | T24: 20 | U24: 29.05 | V24: 29.85 | W24: 29.85 | X24: 29.7 | Y24: 0.50251256 | AB24: 0 | AC24: 0 | AD24: 35 | AE24: TRUE | AF24: COMPLETE | AG24: UNSTABLE_SMALL_SAMPLE
A25: DEMO | B25: simulated-faas-burst-burst-mixed-r05 | C25: faas | D25: burst | E25: burst | F25: write | G25: 5 | H25: 155 | I25: 154 | J25: 1 | K25: 0 | L25: 89.726859 | M25: 76.903307 | N25: 141.08289 | O25: 201.2552 | P25: 27.288487 | Q25: 1141.1705 | R25: 90.876623 | S25: 1.012814 | T25: 20 | U25: 8.3 | V25: 7.75 | W25: 7.75 | X25: 7.7 | Y25: 0.64516129 | AB25: 0 | AC25: 0 | AD25: 10 | AE25: TRUE | AF25: COMPLETE | AG25: UNSTABLE_SMALL_SAMPLE
A26: DEMO | B26: simulated-faas-idle-idle-mixed-r01 | C26: faas | D26: idle | E26: idle | F26: all | G26: 1 | H26: 21 | I26: 19 | J26: 2 | K26: 0 | L26: 95.599179 | M26: 57.176987 | N26: 165.63792 | O26: 574.83334 | P26: 23.926021 | Q26: 677.1322 | R26: 138.14623 | S26: 1.4450567 | T26: 20.096171 | V26: 1.0449752 | W26: 1.0449752 | X26: 0.94545374 | Y26: 9.5238095 | Z26: 0 | AA26: 0 | AB26: 1 | AC26: 4.7619048 | AD26: 2 | AE26: FALSE | AF26: COMPLETE | AG26: UNSTABLE_SMALL_SAMPLE | AH26: INSUFFICIENT_SAMPLES
A27: DEMO | B27: simulated-faas-idle-idle-mixed-r01 | C27: faas | D27: idle | E27: idle | F27: cpu | G27: 1 | H27: 4 | I27: 3 | J27: 1 | K27: 0 | L27: 124.81198 | M27: 117.12162 | N27: 159.11345 | O27: 164.33302 | P27: 99.366742 | Q27: 165.63792 | R27: 28.768608 | S27: 0.23049557 | T27: 20.096171 | V27: 0.19904289 | W27: 0.19904289 | X27: 0.14928217 | Y27: 25 | AB27: 0 | AC27: 0 | AD27: 0 | AE27: FALSE | AF27: COMPLETE | AG27: UNSTABLE_SMALL_SAMPLE | AH27: INSUFFICIENT_SAMPLES
A28: DEMO | B28: simulated-faas-idle-idle-mixed-r01 | C28: faas | D28: idle | E28: idle | F28: read | G28: 1 | H28: 15 | I28: 15 | J28: 0 | K28: 0 | L28: 90.098282 | M28: 49.992209 | N28: 269.05957 | O28: 595.51767 | P28: 23.926021 | Q28: 677.1322 | R28: 163.41104 | S28: 1.8136976 | T28: 20.096171 | V28: 0.74641085 | W28: 0.74641085 | X28: 0.74641085 | Y28: 0 | AB28: 1 | AC28: 6.6666667 | AD28: 2 | AE28: FALSE | AF28: COMPLETE | AG28: UNSTABLE_SMALL_SAMPLE | AH28: INSUFFICIENT_SAMPLES
A29: DEMO | B29: simulated-faas-idle-idle-mixed-r01 | C29: faas | D29: idle | E29: idle | F29: write | G29: 1 | H29: 2 | I29: 1 | J29: 1 | K29: 0 | L29: 78.430307 | M29: 78.430307 | N29: 97.558296 | O29: 99.258561 | P29: 57.176987 | Q29: 99.683628 | R29: 30.056734 | S29: 0.38322856 | T29: 20.096171 | V29: 0.099521446 | W29: 0.099521446 | X29: 0.049760723 | Y29: 50 | AB29: 0 | AC29: 0 | AD29: 0 | AE29: FALSE | AF29: COMPLETE | AG29: UNSTABLE_SMALL_SAMPLE | AH29: INSUFFICIENT_SAMPLES
A30: DEMO | B30: simulated-faas-idle-idle-mixed-r02 | C30: faas | D30: idle | E30: idle | F30: all | G30: 2 | H30: 21 | I30: 21 | J30: 0 | K30: 0 | L30: 43.111234 | M30: 35.311552 | N30: 86.840598 | O30: 122.09891 | P30: 15.159653 | Q30: 130.91349 | R30: 26.318091 | S30: 0.61046944 | T30: 20.031224 | V30: 1.0483633 | W30: 1.0483633 | X30: 1.0483633 | Y30: 0 | Z30: 0 | AA30: 0 | AB30: 0 | AC30: 0 | AD30: 2 | AE30: FALSE | AF30: COMPLETE | AG30: UNSTABLE_SMALL_SAMPLE | AH30: INSUFFICIENT_SAMPLES
A31: DEMO | B31: simulated-faas-idle-idle-mixed-r02 | C31: faas | D31: idle | E31: idle | F31: cpu | G31: 2 | H31: 1 | I31: 1 | J31: 0 | K31: 0 | L31: 130.91349 | M31: 130.91349 | N31: 130.91349 | O31: 130.91349 | P31: 130.91349 | Q31: 130.91349 | T31: 20.031224 | V31: 0.049922062 | W31: 0.049922062 | X31: 0.049922062 | Y31: 0 | AB31: 0 | AC31: 0 | AD31: 0 | AE31: FALSE | AF31: COMPLETE | AG31: UNSTABLE_SMALL_SAMPLE | AH31: INSUFFICIENT_SAMPLES
A32: DEMO | B32: simulated-faas-idle-idle-mixed-r02 | C32: faas | D32: idle | E32: idle | F32: read | G32: 2 | H32: 18 | I32: 18 | J32: 0 | K32: 0 | L32: 35.367835 | M32: 33.455961 | N32: 64.05436 | O32: 65.405857 | P32: 15.159653 | Q32: 65.743731 | R32: 13.482986 | S32: 0.38122169 | T32: 20.031224 | V32: 0.89859711 | W32: 0.89859711 | X32: 0.89859711 | Y32: 0 | AB32: 0 | AC32: 0 | AD32: 1 | AE32: FALSE | AF32: COMPLETE | AG32: UNSTABLE_SMALL_SAMPLE | AH32: INSUFFICIENT_SAMPLES
A33: DEMO | B33: simulated-faas-idle-idle-mixed-r02 | C33: faas | D33: idle | E33: idle | F33: write | G33: 2 | H33: 2 | I33: 2 | J33: 0 | K33: 0 | L33: 68.900707 | M33: 68.900707 | N33: 85.046608 | O33: 86.4818 | P33: 50.960816 | Q33: 86.840598 | R33: 25.370837 | S33: 0.36822317 | T33: 20.031224 | V33: 0.099844123 | W33: 0.099844123 | X33: 0.099844123 | Y33: 0 | AB33: 0 | AC33: 0 | AD33: 1 | AE33: FALSE | AF33: COMPLETE | AG33: UNSTABLE_SMALL_SAMPLE | AH33: INSUFFICIENT_SAMPLES
A34: DEMO | B34: simulated-faas-idle-idle-mixed-r03 | C34: faas | D34: idle | E34: idle | F34: all | G34: 3 | H34: 21 | I34: 21 | J34: 0 | K34: 0 | L34: 60.670765 | M34: 34.62641 | N34: 142.21459 | O34: 321.20866 | P34: 11.780605 | Q34: 365.95718 | R34: 77.244683 | S34: 1.273178 | T34: 20.013781 | V34: 1.049277 | W34: 1.049277 | X34: 1.049277 | Y34: 0 | Z34: 0 | AA34: 0 | AB34: 1 | AC34: 4.7619048 | AD34: 1 | AE34: FALSE | AF34: COMPLETE | AG34: UNSTABLE_SMALL_SAMPLE | AH34: INSUFFICIENT_SAMPLES
A35: DEMO | B35: simulated-faas-idle-idle-mixed-r03 | C35: faas | D35: idle | E35: idle | F35: cpu | G35: 3 | H35: 2 | I35: 2 | J35: 0 | K35: 0 | L35: 136.36203 | M35: 136.36203 | N35: 141.62934 | O35: 142.09754 | P35: 130.50948 | Q35: 142.21459 | R35: 8.2767664 | S35: 0.060697 | T35: 20.013781 | V35: 0.099931142 | W35: 0.099931142 | X35: 0.099931142 | Y35: 0 | AB35: 0 | AC35: 0 | AD35: 0 | AE35: FALSE | AF35: COMPLETE | AG35: UNSTABLE_SMALL_SAMPLE | AH35: INSUFFICIENT_SAMPLES
A36: DEMO | B36: simulated-faas-idle-idle-mixed-r03 | C36: faas | D36: idle | E36: idle | F36: read | G36: 3 | H36: 15 | I36: 15 | J36: 0 | K36: 0 | L36: 54.286896 | M36: 34.442245 | N36: 143.18805 | O36: 321.40336 | P36: 11.780605 | Q36: 365.95718 | R36: 86.688473 | S36: 1.5968582 | T36: 20.013781 | V36: 0.74948357 | W36: 0.74948357 | X36: 0.74948357 | Y36: 0 | AB36: 1 | AC36: 6.6666667 | AD36: 1 | AE36: FALSE | AF36: COMPLETE | AG36: UNSTABLE_SMALL_SAMPLE | AH36: INSUFFICIENT_SAMPLES
A37: DEMO | B37: simulated-faas-idle-idle-mixed-r03 | C37: faas | D37: idle | E37: idle | F37: write | G37: 3 | H37: 4 | I37: 4 | J37: 0 | K37: 0 | L37: 46.764637 | M37: 45.985442 | N37: 66.592035 | O37: 67.514531 | P37: 27.342508 | Q37: 67.745155 | R37: 20.121893 | S37: 0.43028011 | T37: 20.013781 | V37: 0.19986228 | W37: 0.19986228 | X37: 0.19986228 | Y37: 0 | AB37: 0 | AC37: 0 | AD37: 0 | AE37: FALSE | AF37: COMPLETE | AG37: UNSTABLE_SMALL_SAMPLE | AH37: INSUFFICIENT_SAMPLES
A38: DEMO | B38: simulated-faas-idle-idle-mixed-r04 | C38: faas | D38: idle | E38: idle | F38: all | G38: 4 | H38: 21 | I38: 20 | J38: 1 | K38: 0 | L38: 83.215248 | M38: 43.411608 | N38: 110.98254 | O38: 603.66466 | P38: 20.464774 | Q38: 726.83519 | R38: 149.14867 | S38: 1.7923238 | T38: 20.035016 | V38: 1.0481649 | W38: 1.0481649 | X38: 0.99825226 | Y38: 4.7619048 | Z38: 0 | AA38: 0 | AB38: 1 | AC38: 4.7619048 | AD38: 2 | AE38: FALSE | AF38: COMPLETE | AG38: UNSTABLE_SMALL_SAMPLE | AH38: INSUFFICIENT_SAMPLES
A39: DEMO | B39: simulated-faas-idle-idle-mixed-r04 | C39: faas | D39: idle | E39: idle | F39: cpu | G39: 4 | H39: 1 | I39: 1 | J39: 0 | K39: 0 | L39: 63.839827 | M39: 63.839827 | N39: 63.839827 | O39: 63.839827 | P39: 63.839827 | Q39: 63.839827 | T39: 20.035016 | V39: 0.049912613 | W39: 0.049912613 | X39: 0.049912613 | Y39: 0 | AB39: 0 | AC39: 0 | AD39: 0 | AE39: FALSE | AF39: COMPLETE | AG39: UNSTABLE_SMALL_SAMPLE | AH39: INSUFFICIENT_SAMPLES
A40: DEMO | B40: simulated-faas-idle-idle-mixed-r04 | C40: faas | D40: idle | E40: idle | F40: read | G40: 4 | H40: 14 | I40: 14 | J40: 0 | K40: 0 | L40: 94.288555 | M40: 40.09362 | N40: 326.53096 | O40: 646.77435 | P40: 20.464774 | Q40: 726.83519 | R40: 183.36743 | S40: 1.9447474 | T40: 20.035016 | V40: 0.69877658 | W40: 0.69877658 | X40: 0.69877658 | Y40: 0 | AB40: 1 | AC40: 7.1428571 | AD40: 1 | AE40: FALSE | AF40: COMPLETE | AG40: UNSTABLE_SMALL_SAMPLE | AH40: INSUFFICIENT_SAMPLES
A41: DEMO | B41: simulated-faas-idle-idle-mixed-r04 | C41: faas | D41: idle | E41: idle | F41: write | G41: 4 | H41: 6 | I41: 5 | J41: 1 | K41: 0 | L41: 60.606767 | M41: 57.858432 | N41: 89.791863 | O41: 92.33975 | P41: 33.01618 | Q41: 92.976722 | R41: 22.980883 | S41: 0.37918015 | T41: 20.035016 | V41: 0.29947568 | W41: 0.29947568 | X41: 0.24956306 | Y41: 16.666667 | AB41: 0 | AC41: 0 | AD41: 1 | AE41: FALSE | AF41: COMPLETE | AG41: UNSTABLE_SMALL_SAMPLE | AH41: INSUFFICIENT_SAMPLES
A42: DEMO | B42: simulated-faas-idle-idle-mixed-r05 | C42: faas | D42: idle | E42: idle | F42: all | G42: 5 | H42: 21 | I42: 21 | J42: 0 | K42: 0 | L42: 114.78365 | M42: 42.545613 | N42: 104.69758 | O42: 1197.125 | P42: 24.42767 | Q42: 1470.2319 | R42: 311.21714 | S42: 2.7113368 | T42: 20.053645 | V42: 1.0471912 | W42: 1.0471912 | X42: 1.0471912 | Y42: 0 | Z42: 0 | AA42: 0 | AB42: 1 | AC42: 4.7619048 | AD42: 0 | AE42: FALSE | AF42: COMPLETE | AG42: UNSTABLE_SMALL_SAMPLE | AH42: INSUFFICIENT_SAMPLES
A43: DEMO | B43: simulated-faas-idle-idle-mixed-r05 | C43: faas | D43: idle | E43: idle | F43: cpu | G43: 5 | H43: 2 | I43: 2 | J43: 0 | K43: 0 | L43: 92.196162 | M43: 92.196162 | N43: 103.44743 | O43: 104.44755 | P43: 79.694749 | Q43: 104.69758 | R43: 17.679668 | S43: 0.19176143 | T43: 20.053645 | V43: 0.099732493 | W43: 0.099732493 | X43: 0.099732493 | Y43: 0 | AB43: 0 | AC43: 0 | AD43: 0 | AE43: FALSE | AF43: COMPLETE | AG43: UNSTABLE_SMALL_SAMPLE | AH43: INSUFFICIENT_SAMPLES
A44: DEMO | B44: simulated-faas-idle-idle-mixed-r05 | C44: faas | D44: idle | E44: idle | F44: read | G44: 5 | H44: 11 | I44: 11 | J44: 0 | K44: 0 | L44: 37.922397 | M44: 32.623381 | N44: 52.220622 | O44: 53.039407 | P44: 24.42767 | Q44: 53.244103 | R44: 10.690151 | S44: 0.28189544 | T44: 20.053645 | V44: 0.54852871 | W44: 0.54852871 | X44: 0.54852871 | Y44: 0 | AB44: 0 | AC44: 0 | AD44: 0 | AE44: FALSE | AF44: COMPLETE | AG44: UNSTABLE_SMALL_SAMPLE | AH44: INSUFFICIENT_SAMPLES
A45: DEMO | B45: simulated-faas-idle-idle-mixed-r05 | C45: faas | D45: idle | E45: idle | F45: write | G45: 5 | H45: 8 | I45: 8 | J45: 0 | K45: 0 | L45: 226.11475 | M45: 44.550979 | N45: 984.64666 | O45: 1373.1149 | P45: 35.338747 | Q45: 1470.2319 | R45: 502.9208 | S45: 2.2241839 | T45: 20.053645 | V45: 0.39892997 | W45: 0.39892997 | X45: 0.39892997 | Y45: 0 | AB45: 1 | AC45: 12.5 | AD45: 0 | AE45: FALSE | AF45: COMPLETE | AG45: UNSTABLE_SMALL_SAMPLE | AH45: INSUFFICIENT_SAMPLES
A46: DEMO | B46: simulated-faas-steady-high-mixed-r01 | C46: faas | D46: steady | E46: high | F46: all | G46: 1 | H46: 900 | I46: 884 | J46: 16 | K46: 0 | L46: 50.797539 | M46: 38.679776 | N46: 125.84311 | O46: 203.47464 | P46: 10.813409 | Q46: 1213.613 | R46: 56.679528 | S46: 1.1157928 | T46: 18 | U46: 50 | V46: 49.944444 | W46: 50 | X46: 49.111111 | Y46: 1.7777778 | Z46: 0 | AA46: 0 | AB46: 0 | AC46: 0 | AD46: 57 | AE46: TRUE | AF46: COMPLETE | AG46: UNSTABLE_SMALL_SAMPLE
A47: DEMO | B47: simulated-faas-steady-high-mixed-r01 | C47: faas | D47: steady | E47: high | F47: cpu | G47: 1 | H47: 86 | I47: 84 | J47: 2 | K47: 0 | L47: 125.02013 | M47: 122.17576 | N47: 207.34932 | O47: 241.12722 | P47: 50.189663 | Q47: 247.75923 | R47: 43.840892 | S47: 0.35067065 | T47: 18 | U47: 5 | V47: 4.7777778 | W47: 4.7777778 | X47: 4.6666667 | Y47: 2.3255814 | AB47: 0 | AC47: 0 | AD47: 2 | AE47: TRUE | AF47: COMPLETE | AG47: UNSTABLE_SMALL_SAMPLE
A48: DEMO | B48: simulated-faas-steady-high-mixed-r01 | C48: faas | D48: steady | E48: high | F48: read | G48: 1 | H48: 652 | I48: 640 | J48: 12 | K48: 0 | L48: 39.636798 | M48: 33.212883 | N48: 62.732232 | O48: 94.861393 | P48: 10.813409 | Q48: 1213.613 | R48: 56.693548 | S48: 1.4303261 | T48: 18 | U48: 35 | V48: 36.222222 | W48: 36.222222 | X48: 35.555556 | Y48: 1.8404908 | AB48: 0 | AC48: 0 | AD48: 46 | AE48: TRUE | AF48: COMPLETE | AG48: UNSTABLE_SMALL_SAMPLE
A49: DEMO | B49: simulated-faas-steady-high-mixed-r01 | C49: faas | D49: steady | E49: high | F49: write | G49: 1 | H49: 162 | I49: 160 | J49: 2 | K49: 0 | L49: 56.313957 | M49: 52.544829 | N49: 92.2261 | O49: 119.30739 | P49: 18.334858 | Q49: 156.86884 | R49: 21.204783 | S49: 0.37654578 | T49: 18 | U49: 10 | V49: 8.9444444 | W49: 9 | X49: 8.8888889 | Y49: 1.2345679 | AB49: 0 | AC49: 0 | AD49: 9 | AE49: TRUE | AF49: COMPLETE | AG49: UNSTABLE_SMALL_SAMPLE
A50: DEMO | B50: simulated-faas-steady-high-mixed-r02 | C50: faas | D50: steady | E50: high | F50: all | G50: 2 | H50: 900 | I50: 881 | J50: 19 | K50: 0 | L50: 52.333643 | M50: 42.78302 | N50: 121.32026 | O50: 164.95091 | P50: 8.7767008 | Q50: 730.52694 | R50: 39.041342 | S50: 0.74600848 | T50: 18 | U50: 50 | V50: 49.833333 | W50: 50 | X50: 48.944444 | Y50: 2.1111111 | Z50: 0 | AA50: 0 | AB50: 0 | AC50: 0 | AD50: 61 | AE50: TRUE | AF50: COMPLETE | AG50: UNSTABLE_SMALL_SAMPLE
A51: DEMO | B51: simulated-faas-steady-high-mixed-r02 | C51: faas | D51: steady | E51: high | F51: cpu | G51: 2 | H51: 88 | I51: 85 | J51: 3 | K51: 0 | L51: 122.15401 | M51: 117.27202 | N51: 185.51633 | O51: 222.2758 | P51: 55.733651 | Q51: 303.34957 | R51: 36.684586 | S51: 0.30031423 | T51: 18 | U51: 5 | V51: 4.7777778 | W51: 4.8888889 | X51: 4.7222222 | Y51: 3.4090909 | AB51: 0 | AC51: 0 | AD51: 4 | AE51: TRUE | AF51: COMPLETE | AG51: UNSTABLE_SMALL_SAMPLE
A52: DEMO | B52: simulated-faas-steady-high-mixed-r02 | C52: faas | D52: steady | E52: high | F52: read | G52: 2 | H52: 641 | I52: 630 | J52: 11 | K52: 0 | L52: 40.576895 | M52: 36.94183 | N52: 70.458671 | O52: 94.561346 | P52: 8.7767008 | Q52: 730.52694 | R52: 31.64403 | S52: 0.77985341 | T52: 18 | U52: 35 | V52: 35.611111 | W52: 35.611111 | X52: 35 | Y52: 1.7160686 | AB52: 0 | AC52: 0 | AD52: 41 | AE52: TRUE | AF52: COMPLETE | AG52: UNSTABLE_SMALL_SAMPLE
A53: DEMO | B53: simulated-faas-steady-high-mixed-r02 | C53: faas | D53: steady | E53: high | F53: write | G53: 2 | H53: 171 | I53: 166 | J53: 5 | K53: 0 | L53: 60.473316 | M53: 57.169212 | N53: 100.04003 | O53: 135.02826 | P53: 19.832542 | Q53: 151.4795 | R53: 22.151745 | S53: 0.36630611 | T53: 18 | U53: 10 | V53: 9.4444444 | W53: 9.5 | X53: 9.2222222 | Y53: 2.9239766 | AB53: 0 | AC53: 0 | AD53: 16 | AE53: TRUE | AF53: COMPLETE | AG53: UNSTABLE_SMALL_SAMPLE
A54: DEMO | B54: simulated-faas-steady-high-mixed-r03 | C54: faas | D54: steady | E54: high | F54: all | G54: 3 | H54: 900 | I54: 890 | J54: 10 | K54: 0 | L54: 59.713707 | M54: 42.535371 | N54: 135.27378 | O54: 221.24482 | P54: 12.582859 | Q54: 4169.9376 | R54: 146.31782 | S54: 2.4503222 | T54: 18 | U54: 50 | V54: 49.777778 | W54: 50 | X54: 49.444444 | Y54: 1.1111111 | Z54: 0 | AA54: 0 | AB54: 0 | AC54: 0 | AD54: 53 | AE54: TRUE | AF54: COMPLETE | AG54: UNSTABLE_SMALL_SAMPLE
A55: DEMO | B55: simulated-faas-steady-high-mixed-r03 | C55: faas | D55: steady | E55: high | F55: cpu | G55: 3 | H55: 86 | I55: 86 | J55: 0 | K55: 0 | L55: 184.60483 | M55: 128.34412 | N55: 248.67625 | O55: 897.80213 | P55: 62.713309 | Q55: 4169.9376 | R55: 437.83151 | S55: 2.371723 | T55: 18 | U55: 5 | V55: 4.7222222 | W55: 4.7777778 | X55: 4.7777778 | Y55: 0 | AB55: 0 | AC55: 0 | AD55: 8 | AE55: TRUE | AF55: COMPLETE | AG55: UNSTABLE_SMALL_SAMPLE
A56: DEMO | B56: simulated-faas-steady-high-mixed-r03 | C56: faas | D56: steady | E56: high | F56: read | G56: 3 | H56: 639 | I56: 632 | J56: 7 | K56: 0 | L56: 41.373942 | M56: 36.697581 | N56: 74.331387 | O56: 90.537315 | P56: 12.582859 | Q56: 687.03848 | R56: 30.281251 | S56: 0.73189185 | T56: 18 | U56: 35 | V56: 35.388889 | W56: 35.5 | X56: 35.111111 | Y56: 1.0954617 | AB56: 0 | AC56: 0 | AD56: 30 | AE56: TRUE | AF56: COMPLETE | AG56: UNSTABLE_SMALL_SAMPLE
A57: DEMO | B57: simulated-faas-steady-high-mixed-r03 | C57: faas | D57: steady | E57: high | F57: write | G57: 3 | H57: 175 | I57: 172 | J57: 3 | K57: 0 | L57: 65.304983 | M57: 56.502468 | N57: 110.94948 | O57: 144.31153 | P57: 20.769806 | Q57: 899.73998 | R57: 68.042647 | S57: 1.0419212 | T57: 18 | U57: 10 | V57: 9.6666667 | W57: 9.7222222 | X57: 9.5555556 | Y57: 1.7142857 | AB57: 0 | AC57: 0 | AD57: 15 | AE57: TRUE | AF57: COMPLETE | AG57: UNSTABLE_SMALL_SAMPLE
A58: DEMO | B58: simulated-faas-steady-high-mixed-r04 | C58: faas | D58: steady | E58: high | F58: all | G58: 4 | H58: 900 | I58: 887 | J58: 13 | K58: 0 | L58: 57.911606 | M58: 43.332916 | N58: 131.60147 | O58: 257.85536 | P58: 10.861548 | Q58: 1837.4751 | R58: 76.844714 | S58: 1.3269312 | T58: 18 | U58: 50 | V58: 49.833333 | W58: 50 | X58: 49.277778 | Y58: 1.4444444 | Z58: 0 | AA58: 0 | AB58: 0 | AC58: 0 | AD58: 61 | AE58: TRUE | AF58: COMPLETE | AG58: UNSTABLE_SMALL_SAMPLE
A59: DEMO | B59: simulated-faas-steady-high-mixed-r04 | C59: faas | D59: steady | E59: high | F59: cpu | G59: 4 | H59: 103 | I59: 101 | J59: 2 | K59: 0 | L59: 145.25086 | M59: 119.02238 | N59: 254.91243 | O59: 362.53089 | P59: 51.689389 | Q59: 1837.4751 | R59: 177.35648 | S59: 1.2210356 | T59: 18 | U59: 5 | V59: 5.6111111 | W59: 5.7222222 | X59: 5.6111111 | Y59: 1.9417476 | AB59: 0 | AC59: 0 | AD59: 6 | AE59: TRUE | AF59: COMPLETE | AG59: UNSTABLE_SMALL_SAMPLE
A60: DEMO | B60: simulated-faas-steady-high-mixed-r04 | C60: faas | D60: steady | E60: high | F60: read | G60: 4 | H60: 615 | I60: 606 | J60: 9 | K60: 0 | L60: 42.189529 | M60: 36.582579 | N60: 70.483027 | O60: 86.873957 | P60: 11.194453 | Q60: 619.84443 | R60: 36.804907 | S60: 0.87237065 | T60: 18 | U60: 35 | V60: 34.111111 | W60: 34.166667 | X60: 33.666667 | Y60: 1.4634146 | AB60: 0 | AC60: 0 | AD60: 44 | AE60: TRUE | AF60: COMPLETE | AG60: UNSTABLE_SMALL_SAMPLE
A61: DEMO | B61: simulated-faas-steady-high-mixed-r04 | C61: faas | D61: steady | E61: high | F61: write | G61: 4 | H61: 182 | I61: 180 | J61: 2 | K61: 0 | L61: 61.610141 | M61: 55.893864 | N61: 100.39942 | O61: 124.91207 | P61: 10.861548 | Q61: 559.62119 | R61: 42.590134 | S61: 0.69128447 | T61: 18 | U61: 10 | V61: 10.111111 | W61: 10.111111 | X61: 10 | Y61: 1.0989011 | AB61: 0 | AC61: 0 | AD61: 11 | AE61: TRUE | AF61: COMPLETE | AG61: UNSTABLE_SMALL_SAMPLE
A62: DEMO | B62: simulated-faas-steady-high-mixed-r05 | C62: faas | D62: steady | E62: high | F62: all | G62: 5 | H62: 900 | I62: 894 | J62: 6 | K62: 0 | L62: 52.540665 | M62: 42.411897 | N62: 115.26696 | O62: 185.20936 | P62: 10.573256 | Q62: 713.14342 | R62: 39.779483 | S62: 0.757118 | T62: 18 | U62: 50 | V62: 49.944444 | W62: 50 | X62: 49.666667 | Y62: 0.66666667 | Z62: 0 | AA62: 0 | AB62: 0 | AC62: 0 | AD62: 55 | AE62: TRUE | AF62: COMPLETE | AG62: UNSTABLE_SMALL_SAMPLE
A63: DEMO | B63: simulated-faas-steady-high-mixed-r05 | C63: faas | D63: steady | E63: high | F63: cpu | G63: 5 | H63: 84 | I63: 83 | J63: 1 | K63: 0 | L63: 122.41293 | M63: 109.56039 | N63: 210.94203 | O63: 271.15021 | P63: 52.957055 | Q63: 286.8399 | R63: 49.15141 | S63: 0.40152138 | T63: 18 | U63: 5 | V63: 4.6666667 | W63: 4.6666667 | X63: 4.6111111 | Y63: 1.1904762 | AB63: 0 | AC63: 0 | AD63: 3 | AE63: TRUE | AF63: COMPLETE | AG63: UNSTABLE_SMALL_SAMPLE
A64: DEMO | B64: simulated-faas-steady-high-mixed-r05 | C64: faas | D64: steady | E64: high | F64: read | G64: 5 | H64: 622 | I64: 620 | J64: 2 | K64: 0 | L64: 40.539017 | M64: 36.77915 | N64: 70.229293 | O64: 87.053563 | P64: 10.573256 | Q64: 713.14342 | R64: 31.142731 | S64: 0.76821623 | T64: 18 | U64: 35 | V64: 34.5 | W64: 34.555556 | X64: 34.444444 | Y64: 0.32154341 | AB64: 0 | AC64: 0 | AD64: 39 | AE64: TRUE | AF64: COMPLETE | AG64: UNSTABLE_SMALL_SAMPLE
A65: DEMO | B65: simulated-faas-steady-high-mixed-r05 | C65: faas | D65: steady | E65: high | F65: write | G65: 5 | H65: 194 | I65: 191 | J65: 3 | K65: 0 | L65: 60.766204 | M65: 58.121562 | N65: 105.31207 | O65: 124.32927 | P65: 19.921564 | Q65: 137.12746 | R65: 23.541478 | S65: 0.3874107 | T65: 18 | U65: 10 | V65: 10.777778 | W65: 10.777778 | X65: 10.611111 | Y65: 1.5463918 | AB65: 0 | AC65: 0 | AD65: 13 | AE65: TRUE | AF65: COMPLETE | AG65: UNSTABLE_SMALL_SAMPLE
A66: DEMO | B66: simulated-faas-steady-low-mixed-r01 | C66: faas | D66: steady | E66: low | F66: all | G66: 1 | H66: 90 | I66: 90 | J66: 0 | K66: 0 | L66: 61.428075 | M66: 47.291541 | N66: 141.62978 | O66: 234.81874 | P66: 14.962856 | Q66: 242.59969 | R66: 42.891532 | S66: 0.69823989 | T66: 18 | U66: 5 | V66: 5 | W66: 5 | X66: 5 | Y66: 0 | Z66: 0 | AA66: 0 | AB66: 0 | AC66: 0 | AD66: 6 | AE66: TRUE | AF66: COMPLETE | AG66: UNSTABLE_SMALL_SAMPLE
A67: DEMO | B67: simulated-faas-steady-low-mixed-r01 | C67: faas | D67: steady | E67: low | F67: cpu | G67: 1 | H67: 10 | I67: 10 | J67: 0 | K67: 0 | L67: 146.64016 | M67: 126.73907 | N67: 238.6655 | O67: 241.81285 | P67: 75.966213 | Q67: 242.59969 | R67: 61.146321 | S67: 0.41698209 | T67: 18 | U67: 0.5 | V67: 0.55555556 | W67: 0.55555556 | X67: 0.55555556 | Y67: 0 | AB67: 0 | AC67: 0 | AD67: 2 | AE67: FALSE | AF67: COMPLETE | AG67: UNSTABLE_SMALL_SAMPLE | AH67: INSUFFICIENT_SAMPLES
A68: DEMO | B68: simulated-faas-steady-low-mixed-r01 | C68: faas | D68: steady | E68: low | F68: read | G68: 1 | H68: 60 | I68: 60 | J68: 0 | K68: 0 | L68: 44.077813 | M68: 39.298302 | N68: 79.574249 | O68: 111.19447 | P68: 14.962856 | Q68: 148.03499 | R68: 20.730297 | S68: 0.47031137 | T68: 18 | U68: 3.5 | V68: 3.3333333 | W68: 3.3333333 | X68: 3.3333333 | Y68: 0 | AB68: 0 | AC68: 0 | AD68: 3 | AE68: TRUE | AF68: COMPLETE | AG68: UNSTABLE_SMALL_SAMPLE
A69: DEMO | B69: simulated-faas-steady-low-mixed-r01 | C69: faas | D69: steady | E69: low | F69: write | G69: 1 | H69: 20 | I69: 20 | J69: 0 | K69: 0 | L69: 70.872819 | M69: 64.488747 | N69: 106.86647 | O69: 127.73214 | P69: 43.061434 | Q69: 132.94856 | R69: 25.412451 | S69: 0.35856414 | T69: 18 | U69: 1 | V69: 1.1111111 | W69: 1.1111111 | X69: 1.1111111 | Y69: 0 | AB69: 0 | AC69: 0 | AD69: 1 | AE69: FALSE | AF69: COMPLETE | AG69: UNSTABLE_SMALL_SAMPLE | AH69: INSUFFICIENT_SAMPLES
A70: DEMO | B70: simulated-faas-steady-low-mixed-r02 | C70: faas | D70: steady | E70: low | F70: all | G70: 2 | H70: 90 | I70: 89 | J70: 1 | K70: 0 | L70: 43.711142 | M70: 38.564355 | N70: 75.518044 | O70: 144.2419 | P70: 14.501743 | Q70: 192.82899 | R70: 25.423081 | S70: 0.58161557 | T70: 18 | U70: 5 | V70: 5 | W70: 5 | X70: 4.9444444 | Y70: 1.1111111 | Z70: 0 | AA70: 0 | AB70: 0 | AC70: 0 | AD70: 8 | AE70: TRUE | AF70: COMPLETE | AG70: UNSTABLE_SMALL_SAMPLE
A71: DEMO | B71: simulated-faas-steady-low-mixed-r02 | C71: faas | D71: steady | E71: low | F71: cpu | G71: 2 | H71: 8 | I71: 7 | J71: 1 | K71: 0 | L71: 97.495411 | M71: 84.167235 | N71: 173.72171 | O71: 189.00753 | P71: 48.74648 | Q71: 192.82899 | R71: 47.023394 | S71: 0.48231392 | T71: 18 | U71: 0.5 | V71: 0.44444444 | W71: 0.44444444 | X71: 0.38888889 | Y71: 12.5 | AB71: 0 | AC71: 0 | AD71: 3 | AE71: FALSE | AF71: COMPLETE | AG71: UNSTABLE_SMALL_SAMPLE | AH71: INSUFFICIENT_SAMPLES
A72: DEMO | B72: simulated-faas-steady-low-mixed-r02 | C72: faas | D72: steady | E72: low | F72: read | G72: 2 | H72: 56 | I72: 56 | J72: 0 | K72: 0 | L72: 34.95076 | M72: 32.805321 | N72: 64.336959 | O72: 69.514398 | P72: 14.501743 | Q72: 72.736588 | R72: 13.793548 | S72: 0.3946566 | T72: 18 | U72: 3.5 | V72: 3.1111111 | W72: 3.1111111 | X72: 3.1111111 | Y72: 0 | AB72: 0 | AC72: 0 | AD72: 3 | AE72: TRUE | AF72: COMPLETE | AG72: UNSTABLE_SMALL_SAMPLE
A73: DEMO | B73: simulated-faas-steady-low-mixed-r02 | C73: faas | D73: steady | E73: low | F73: write | G73: 2 | H73: 26 | I73: 26 | J73: 0 | K73: 0 | L73: 46.03065 | M73: 46.594737 | N73: 66.625119 | O73: 73.411945 | P73: 21.384527 | Q73: 75.180718 | R73: 12.651151 | S73: 0.27484188 | T73: 18 | U73: 1 | V73: 1.4444444 | W73: 1.4444444 | X73: 1.4444444 | Y73: 0 | AB73: 0 | AC73: 0 | AD73: 2 | AE73: FALSE | AF73: COMPLETE | AG73: UNSTABLE_SMALL_SAMPLE | AH73: INSUFFICIENT_SAMPLES
A74: DEMO | B74: simulated-faas-steady-low-mixed-r03 | C74: faas | D74: steady | E74: low | F74: all | G74: 3 | H74: 90 | I74: 89 | J74: 1 | K74: 0 | L74: 46.323861 | M74: 38.284377 | N74: 95.159385 | O74: 154.02064 | P74: 8.5942334 | Q74: 222.99675 | R74: 29.950365 | S74: 0.64654295 | T74: 18 | U74: 5 | V74: 5 | W74: 5 | X74: 4.9444444 | Y74: 1.1111111 | Z74: 0 | AA74: 0 | AB74: 0 | AC74: 0 | AD74: 6 | AE74: TRUE | AF74: COMPLETE | AG74: UNSTABLE_SMALL_SAMPLE
A75: DEMO | B75: simulated-faas-steady-low-mixed-r03 | C75: faas | D75: steady | E75: low | F75: cpu | G75: 3 | H75: 8 | I75: 8 | J75: 0 | K75: 0 | L75: 110.71489 | M75: 97.655701 | N75: 195.87132 | O75: 217.57167 | P75: 63.508657 | Q75: 222.99675 | R75: 53.097932 | S75: 0.47959159 | T75: 18 | U75: 0.5 | V75: 0.44444444 | W75: 0.44444444 | X75: 0.44444444 | Y75: 0 | AB75: 0 | AC75: 0 | AD75: 1 | AE75: FALSE | AF75: COMPLETE | AG75: UNSTABLE_SMALL_SAMPLE | AH75: INSUFFICIENT_SAMPLES
A76: DEMO | B76: simulated-faas-steady-low-mixed-r03 | C76: faas | D76: steady | E76: low | F76: read | G76: 3 | H76: 62 | I76: 61 | J76: 1 | K76: 0 | L76: 37.558367 | M76: 35.78593 | N76: 67.166108 | O76: 83.959816 | P76: 8.5942334 | Q76: 91.615498 | R76: 16.021926 | S76: 0.42658739 | T76: 18 | U76: 3.5 | V76: 3.4444444 | W76: 3.4444444 | X76: 3.3888889 | Y76: 1.6129032 | AB76: 0 | AC76: 0 | AD76: 3 | AE76: TRUE | AF76: COMPLETE | AG76: UNSTABLE_SMALL_SAMPLE
A77: DEMO | B77: simulated-faas-steady-low-mixed-r03 | C77: faas | D77: steady | E77: low | F77: write | G77: 3 | H77: 20 | I77: 20 | J77: 0 | K77: 0 | L77: 47.740477 | M77: 44.718338 | N77: 81.625454 | O77: 94.772234 | P77: 17.684806 | Q77: 98.058929 | R77: 18.449267 | S77: 0.38644915 | T77: 18 | U77: 1 | V77: 1.1111111 | W77: 1.1111111 | X77: 1.1111111 | Y77: 0 | AB77: 0 | AC77: 0 | AD77: 2 | AE77: FALSE | AF77: COMPLETE | AG77: UNSTABLE_SMALL_SAMPLE | AH77: INSUFFICIENT_SAMPLES
A78: DEMO | B78: simulated-faas-steady-low-mixed-r04 | C78: faas | D78: steady | E78: low | F78: all | G78: 4 | H78: 90 | I78: 86 | J78: 4 | K78: 0 | L78: 52.695851 | M78: 39.502546 | N78: 136.8689 | O78: 242.34061 | P78: 11.381584 | Q78: 279.94223 | R78: 43.724676 | S78: 0.82975557 | T78: 18 | U78: 5 | V78: 5 | W78: 5 | X78: 4.7777778 | Y78: 4.4444444 | Z78: 0 | AA78: 0 | AB78: 0 | AC78: 0 | AD78: 5 | AE78: TRUE | AF78: COMPLETE | AG78: UNSTABLE_SMALL_SAMPLE
A79: DEMO | B79: simulated-faas-steady-low-mixed-r04 | C79: faas | D79: steady | E79: low | F79: cpu | G79: 4 | H79: 9 | I79: 8 | J79: 1 | K79: 0 | L79: 163.17417 | M79: 141.16563 | N79: 263.04263 | O79: 276.56231 | P79: 107.72751 | Q79: 279.94223 | R79: 59.550524 | S79: 0.36495068 | T79: 18 | U79: 0.5 | V79: 0.5 | W79: 0.5 | X79: 0.44444444 | Y79: 11.111111 | AB79: 0 | AC79: 0 | AD79: 0 | AE79: FALSE | AF79: COMPLETE | AG79: UNSTABLE_SMALL_SAMPLE | AH79: INSUFFICIENT_SAMPLES
A80: DEMO | B80: simulated-faas-steady-low-mixed-r04 | C80: faas | D80: steady | E80: low | F80: read | G80: 4 | H80: 64 | I80: 61 | J80: 3 | K80: 0 | L80: 36.468814 | M80: 33.054331 | N80: 59.061388 | O80: 72.22486 | P80: 11.381584 | Q80: 72.920509 | R80: 13.805637 | S80: 0.37856008 | T80: 18 | U80: 3.5 | V80: 3.5555556 | W80: 3.5555556 | X80: 3.3888889 | Y80: 4.6875 | AB80: 0 | AC80: 0 | AD80: 4 | AE80: TRUE | AF80: COMPLETE | AG80: UNSTABLE_SMALL_SAMPLE
A81: DEMO | B81: simulated-faas-steady-low-mixed-r04 | C81: faas | D81: steady | E81: low | F81: write | G81: 4 | H81: 17 | I81: 17 | J81: 0 | K81: 0 | L81: 55.297353 | M81: 57.747292 | N81: 74.574357 | O81: 76.48079 | P81: 33.31461 | Q81: 76.957398 | R81: 13.602191 | S81: 0.24598267 | T81: 18 | U81: 1 | V81: 0.94444444 | W81: 0.94444444 | X81: 0.94444444 | Y81: 0 | AB81: 0 | AC81: 0 | AD81: 1 | AE81: FALSE | AF81: COMPLETE | AG81: UNSTABLE_SMALL_SAMPLE | AH81: INSUFFICIENT_SAMPLES
A82: DEMO | B82: simulated-faas-steady-low-mixed-r05 | C82: faas | D82: steady | E82: low | F82: all | G82: 5 | H82: 90 | I82: 88 | J82: 2 | K82: 0 | L82: 49.271862 | M82: 38.243047 | N82: 131.10766 | O82: 149.59985 | P82: 13.841654 | Q82: 169.35169 | R82: 34.529693 | S82: 0.70079945 | T82: 18 | U82: 5 | V82: 5 | W82: 5 | X82: 4.8888889 | Y82: 2.2222222 | Z82: 0 | AA82: 0 | AB82: 0 | AC82: 0 | AD82: 3 | AE82: TRUE | AF82: COMPLETE | AG82: UNSTABLE_SMALL_SAMPLE
A83: DEMO | B83: simulated-faas-steady-low-mixed-r05 | C83: faas | D83: steady | E83: low | F83: cpu | G83: 5 | H83: 13 | I83: 13 | J83: 0 | K83: 0 | L83: 117.56072 | M83: 119.20201 | N83: 156.03584 | O83: 166.68852 | P83: 68.89712 | Q83: 169.35169 | R83: 30.653119 | S83: 0.26074288 | T83: 18 | U83: 0.5 | V83: 0.72222222 | W83: 0.72222222 | X83: 0.72222222 | Y83: 0 | AB83: 0 | AC83: 0 | AD83: 0 | AE83: FALSE | AF83: COMPLETE | AG83: UNSTABLE_SMALL_SAMPLE | AH83: INSUFFICIENT_SAMPLES
A84: DEMO | B84: simulated-faas-steady-low-mixed-r05 | C84: faas | D84: steady | E84: low | F84: read | G84: 5 | H84: 62 | I84: 60 | J84: 2 | K84: 0 | L84: 34.056149 | M84: 31.67613 | N84: 55.537301 | O84: 62.264037 | P84: 13.841654 | Q84: 68.339289 | R84: 12.439539 | S84: 0.36526557 | T84: 18 | U84: 3.5 | V84: 3.4444444 | W84: 3.4444444 | X84: 3.3333333 | Y84: 3.2258065 | AB84: 0 | AC84: 0 | AD84: 3 | AE84: TRUE | AF84: COMPLETE | AG84: UNSTABLE_SMALL_SAMPLE
A85: DEMO | B85: simulated-faas-steady-low-mixed-r05 | C85: faas | D85: steady | E85: low | F85: write | G85: 5 | H85: 15 | I85: 15 | J85: 0 | K85: 0 | L85: 52.9798 | M85: 44.277879 | N85: 100.11768 | O85: 114.14887 | P85: 26.305222 | Q85: 117.65666 | R85: 27.013121 | S85: 0.50987585 | T85: 18 | U85: 1 | V85: 0.83333333 | W85: 0.83333333 | X85: 0.83333333 | Y85: 0 | AB85: 0 | AC85: 0 | AD85: 0 | AE85: FALSE | AF85: COMPLETE | AG85: UNSTABLE_SMALL_SAMPLE | AH85: INSUFFICIENT_SAMPLES
A86: DEMO | B86: simulated-faas-steady-medium-mixed-r01 | C86: faas | D86: steady | E86: medium | F86: all | G86: 1 | H86: 360 | I86: 356 | J86: 4 | K86: 0 | L86: 58.485643 | M86: 47.334408 | N86: 135.61005 | O86: 200.44805 | P86: 15.588195 | Q86: 455.1688 | R86: 41.639385 | S86: 0.71195908 | T86: 18 | U86: 20 | V86: 20 | W86: 20 | X86: 19.777778 | Y86: 1.1111111 | Z86: 0 | AA86: 0 | AB86: 0 | AC86: 0 | AD86: 16 | AE86: TRUE | AF86: COMPLETE | AG86: UNSTABLE_SMALL_SAMPLE
A87: DEMO | B87: simulated-faas-steady-medium-mixed-r01 | C87: faas | D87: steady | E87: medium | F87: cpu | G87: 1 | H87: 36 | I87: 36 | J87: 0 | K87: 0 | L87: 135.24921 | M87: 133.17466 | N87: 216.38906 | O87: 253.63322 | P87: 48.583809 | Q87: 256.45267 | R87: 45.968994 | S87: 0.33988365 | T87: 18 | U87: 2 | V87: 2 | W87: 2 | X87: 2 | Y87: 0 | AB87: 0 | AC87: 0 | AD87: 0 | AE87: TRUE | AF87: COMPLETE | AG87: UNSTABLE_SMALL_SAMPLE
A88: DEMO | B88: simulated-faas-steady-medium-mixed-r01 | C88: faas | D88: steady | E88: medium | F88: read | G88: 1 | H88: 247 | I88: 245 | J88: 2 | K88: 0 | L88: 44.970044 | M88: 39.525703 | N88: 81.812332 | O88: 101.04124 | P88: 15.588195 | Q88: 455.1688 | R88: 31.455542 | S88: 0.69947767 | T88: 18 | U88: 14 | V88: 13.722222 | W88: 13.722222 | X88: 13.611111 | Y88: 0.8097166 | AB88: 0 | AC88: 0 | AD88: 9 | AE88: TRUE | AF88: COMPLETE | AG88: UNSTABLE_SMALL_SAMPLE
A89: DEMO | B89: simulated-faas-steady-medium-mixed-r01 | C89: faas | D89: steady | E89: medium | F89: write | G89: 1 | H89: 77 | I89: 75 | J89: 2 | K89: 0 | L89: 65.951416 | M89: 63.671169 | N89: 99.104844 | O89: 150.14659 | P89: 27.23913 | Q89: 150.44532 | R89: 23.934103 | S89: 0.36290506 | T89: 18 | U89: 4 | V89: 4.2777778 | W89: 4.2777778 | X89: 4.1666667 | Y89: 2.5974026 | AB89: 0 | AC89: 0 | AD89: 7 | AE89: TRUE | AF89: COMPLETE | AG89: UNSTABLE_SMALL_SAMPLE
A90: DEMO | B90: simulated-faas-steady-medium-mixed-r02 | C90: faas | D90: steady | E90: medium | F90: all | G90: 2 | H90: 360 | I90: 353 | J90: 7 | K90: 0 | L90: 46.880436 | M90: 39.286497 | N90: 113.94992 | O90: 167.54527 | P90: 12.01138 | Q90: 227.08334 | R90: 29.844994 | S90: 0.63661938 | T90: 18 | U90: 20 | V90: 20 | W90: 20 | X90: 19.611111 | Y90: 1.9444444 | Z90: 0 | AA90: 0 | AB90: 0 | AC90: 0 | AD90: 23 | AE90: TRUE | AF90: COMPLETE | AG90: UNSTABLE_SMALL_SAMPLE
A91: DEMO | B91: simulated-faas-steady-medium-mixed-r02 | C91: faas | D91: steady | E91: medium | F91: cpu | G91: 2 | H91: 35 | I91: 35 | J91: 0 | K91: 0 | L91: 111.48341 | M91: 106.09899 | N91: 181.47174 | O91: 217.22969 | P91: 42.57495 | Q91: 227.08334 | R91: 42.006605 | S91: 0.37679693 | T91: 18 | U91: 2 | V91: 1.9444444 | W91: 1.9444444 | X91: 1.9444444 | Y91: 0 | AB91: 0 | AC91: 0 | AD91: 1 | AE91: TRUE | AF91: COMPLETE | AG91: UNSTABLE_SMALL_SAMPLE
A92: DEMO | B92: simulated-faas-steady-medium-mixed-r02 | C92: faas | D92: steady | E92: medium | F92: read | G92: 2 | H92: 256 | I92: 251 | J92: 5 | K92: 0 | L92: 36.447427 | M92: 34.513924 | N92: 58.914183 | O92: 71.662803 | P92: 12.01138 | Q92: 113.86087 | R92: 13.465397 | S92: 0.36944711 | T92: 18 | U92: 14 | V92: 14.222222 | W92: 14.222222 | X92: 13.944444 | Y92: 1.953125 | AB92: 0 | AC92: 0 | AD92: 20 | AE92: TRUE | AF92: COMPLETE | AG92: UNSTABLE_SMALL_SAMPLE
A93: DEMO | B93: simulated-faas-steady-medium-mixed-r02 | C93: faas | D93: steady | E93: medium | F93: write | G93: 2 | H93: 69 | I93: 67 | J93: 2 | K93: 0 | L93: 52.818787 | M93: 47.5637 | N93: 94.134563 | O93: 111.8552 | P93: 21.420906 | Q93: 131.25652 | R93: 23.378871 | S93: 0.44262414 | T93: 18 | U93: 4 | V93: 3.8333333 | W93: 3.8333333 | X93: 3.7222222 | Y93: 2.8985507 | AB93: 0 | AC93: 0 | AD93: 2 | AE93: TRUE | AF93: COMPLETE | AG93: UNSTABLE_SMALL_SAMPLE
A94: DEMO | B94: simulated-faas-steady-medium-mixed-r03 | C94: faas | D94: steady | E94: medium | F94: all | G94: 3 | H94: 360 | I94: 353 | J94: 7 | K94: 0 | L94: 41.850255 | M94: 32.862613 | N94: 86.152928 | O94: 167.36657 | P94: 13.675824 | Q94: 491.34764 | R94: 35.978408 | S94: 0.85969388 | T94: 18 | U94: 20 | V94: 20 | W94: 20 | X94: 19.611111 | Y94: 1.9444444 | Z94: 0 | AA94: 0 | AB94: 0 | AC94: 0 | AD94: 18 | AE94: TRUE | AF94: COMPLETE | AG94: UNSTABLE_SMALL_SAMPLE
A95: DEMO | B95: simulated-faas-steady-medium-mixed-r03 | C95: faas | D95: steady | E95: medium | F95: cpu | G95: 3 | H95: 27 | I95: 27 | J95: 0 | K95: 0 | L95: 104.12908 | M95: 87.940313 | N95: 201.74617 | O95: 232.95631 | P95: 42.590487 | Q95: 242.44372 | R95: 47.456532 | S95: 0.45574716 | T95: 18 | U95: 2 | V95: 1.5 | W95: 1.5 | X95: 1.5 | Y95: 0 | AB95: 0 | AC95: 0 | AD95: 4 | AE95: FALSE | AF95: COMPLETE | AG95: UNSTABLE_SMALL_SAMPLE | AH95: INSUFFICIENT_SAMPLES
A96: DEMO | B96: simulated-faas-steady-medium-mixed-r03 | C96: faas | D96: steady | E96: medium | F96: read | G96: 3 | H96: 270 | I96: 263 | J96: 7 | K96: 0 | L96: 34.09715 | M96: 29.743956 | N96: 58.356868 | O96: 79.76134 | P96: 13.675824 | Q96: 491.34764 | R96: 31.050446 | S96: 0.9106464 | T96: 18 | U96: 14 | V96: 15 | W96: 15 | X96: 14.611111 | Y96: 2.5925926 | AB96: 0 | AC96: 0 | AD96: 13 | AE96: TRUE | AF96: COMPLETE | AG96: UNSTABLE_SMALL_SAMPLE
A97: DEMO | B97: simulated-faas-steady-medium-mixed-r03 | C97: faas | D97: steady | E97: medium | F97: write | G97: 3 | H97: 63 | I97: 63 | J97: 0 | K97: 0 | L97: 48.386927 | M97: 44.694121 | N97: 82.825483 | O97: 96.569657 | P97: 18.911597 | Q97: 98.133415 | R97: 19.325106 | S97: 0.39938692 | T97: 18 | U97: 4 | V97: 3.5 | W97: 3.5 | X97: 3.5 | Y97: 0 | AB97: 0 | AC97: 0 | AD97: 1 | AE97: TRUE | AF97: COMPLETE | AG97: UNSTABLE_SMALL_SAMPLE
A98: DEMO | B98: simulated-faas-steady-medium-mixed-r04 | C98: faas | D98: steady | E98: medium | F98: all | G98: 4 | H98: 360 | I98: 354 | J98: 6 | K98: 0 | L98: 40.607045 | M98: 32.388164 | N98: 92.638218 | O98: 139.3949 | P98: 10.796343 | Q98: 401.79984 | R98: 31.709604 | S98: 0.78088923 | T98: 18 | U98: 20 | V98: 20 | W98: 20 | X98: 19.666667 | Y98: 1.6666667 | Z98: 0 | AA98: 0 | AB98: 0 | AC98: 0 | AD98: 28 | AE98: TRUE | AF98: COMPLETE | AG98: UNSTABLE_SMALL_SAMPLE
A99: DEMO | B99: simulated-faas-steady-medium-mixed-r04 | C99: faas | D99: steady | E99: medium | F99: cpu | G99: 4 | H99: 37 | I99: 36 | J99: 1 | K99: 0 | L99: 90.098124 | M99: 82.731801 | N99: 151.22619 | O99: 183.37573 | P99: 30.914432 | Q99: 198.01382 | R99: 35.193489 | S99: 0.39061289 | T99: 18 | U99: 2 | V99: 2.0555556 | W99: 2.0555556 | X99: 2 | Y99: 2.7027027 | AB99: 0 | AC99: 0 | AD99: 1 | AE99: TRUE | AF99: COMPLETE | AG99: UNSTABLE_SMALL_SAMPLE
A100: DEMO | B100: simulated-faas-steady-medium-mixed-r04 | C100: faas | D100: steady | E100: medium | F100: read | G100: 4 | H100: 255 | I100: 250 | J100: 5 | K100: 0 | L100: 31.698808 | M100: 28.011838 | N100: 52.436575 | O100: 80.03015 | P100: 10.796343 | Q100: 401.79984 | R100: 26.53447 | S100: 0.83708101 | T100: 18 | U100: 14 | V100: 14.166667 | W100: 14.166667 | X100: 13.888889 | Y100: 1.9607843 | AB100: 0 | AC100: 0 | AD100: 21 | AE100: TRUE | AF100: COMPLETE | AG100: UNSTABLE_SMALL_SAMPLE
A101: DEMO | B101: simulated-faas-steady-medium-mixed-r04 | C101: faas | D101: steady | E101: medium | F101: write | G101: 4 | H101: 68 | I101: 68 | J101: 0 | K101: 0 | L101: 47.083967 | M101: 44.14616 | N101: 82.116405 | O101: 103.0211 | P101: 20.344194 | Q101: 111.16616 | R101: 18.86092 | S101: 0.40058053 | T101: 18 | U101: 4 | V101: 3.7777778 | W101: 3.7777778 | X101: 3.7777778 | Y101: 0 | AB101: 0 | AC101: 0 | AD101: 6 | AE101: TRUE | AF101: COMPLETE | AG101: UNSTABLE_SMALL_SAMPLE
...

Sheet Confidence
A1: Confidence
A2: SIMULATED DATA – NOT REAL CLOUD MEASUREMENTS
A3: results\processed\demo\comparison.csv
A5: data_mode | B5: model | C5: scenario | D5: load_level | E5: endpoint | F5: metric | G5: estimate | H5: ci_lower | I5: ci_upper | J5: number_of_runs | K5: bootstrap_method | L5: resamples | M5: status | N5: sample_size | O5: estimand
A6: DEMO | B6: faas | C6: burst | D6: burst | E6: all | F6: p50_ms | G6: 55.047129 | H6: 50.44825 | I6: 59.646008 | J6: 5 | K6: percentile_bootstrap_of_independent_run_means | L6: 2000 | M6: OK | N6: 4150 | O6: mean_of_run_statistics
A7: DEMO | B7: faas | C7: burst | D7: burst | E7: all | F7: p95_ms | G7: 161.32093 | H7: 146.82798 | I7: 173.80086 | J7: 5 | K7: percentile_bootstrap_of_independent_run_means | L7: 2000 | M7: OK | N7: 4150 | O7: mean_of_run_statistics
A8: DEMO | B8: faas | C8: burst | D8: burst | E8: all | F8: p99_ms | G8: 282.8606 | H8: 250.55925 | I8: 323.85079 | J8: 5 | K8: percentile_bootstrap_of_independent_run_means | L8: 2000 | M8: OK | N8: 4150 | O8: mean_of_run_statistics
A9: DEMO | B9: faas | C9: burst | D9: burst | E9: all | F9: mean_ms | G9: 70.972942 | H9: 65.130258 | I9: 76.388415 | J9: 5 | K9: percentile_bootstrap_of_independent_run_means | L9: 2000 | M9: OK | N9: 4150 | O9: mean_of_run_statistics
A10: DEMO | B10: faas | C10: burst | D10: burst | E10: all | F10: achieved_rps | G10: 41.5 | H10: 41.5 | I10: 41.5 | J10: 5 | K10: percentile_bootstrap_of_independent_run_means | L10: 2000 | M10: OK | N10: 4150 | O10: mean_of_run_statistics
A11: DEMO | B11: faas | C11: burst | D11: burst | E11: all | F11: error_rate_pct | G11: 1.253012 | H11: 0.89156627 | I11: 1.6144578 | J11: 5 | K11: percentile_bootstrap_of_independent_run_means | L11: 2000 | M11: OK | N11: 4150 | O11: mean_of_run_statistics
A12: DEMO | B12: faas | C12: burst | D12: burst | E12: cpu | F12: p50_ms | G12: 148.6695 | H12: 135.37977 | I12: 162.46404 | J12: 5 | K12: percentile_bootstrap_of_independent_run_means | L12: 2000 | M12: OK | N12: 431 | O12: mean_of_run_statistics
A13: DEMO | B13: faas | C13: burst | D13: burst | E13: cpu | F13: p95_ms | G13: 289.71742 | H13: 265.40264 | I13: 326.64158 | J13: 5 | K13: percentile_bootstrap_of_independent_run_means | L13: 2000 | M13: OK | N13: 431 | O13: mean_of_run_statistics
A14: DEMO | B14: faas | C14: burst | D14: burst | E14: cpu | F14: p99_ms | G14: 428.63567 | H14: 365.39887 | I14: 514.04611 | J14: 5 | K14: percentile_bootstrap_of_independent_run_means | L14: 2000 | M14: OK | N14: 431 | O14: mean_of_run_statistics
A15: DEMO | B15: faas | C15: burst | D15: burst | E15: cpu | F15: mean_ms | G15: 167.33933 | H15: 153.49555 | I15: 183.16747 | J15: 5 | K15: percentile_bootstrap_of_independent_run_means | L15: 2000 | M15: OK | N15: 431 | O15: mean_of_run_statistics
A16: DEMO | B16: faas | C16: burst | D16: burst | E16: cpu | F16: achieved_rps | G16: 4.31 | H16: 4.06 | I16: 4.61 | J16: 5 | K16: percentile_bootstrap_of_independent_run_means | L16: 2000 | M16: OK | N16: 431 | O16: mean_of_run_statistics
A17: DEMO | B17: faas | C17: burst | D17: burst | E17: cpu | F17: error_rate_pct | G17: 1.3882471 | H17: 1.1195055 | I17: 1.8123924 | J17: 5 | K17: percentile_bootstrap_of_independent_run_means | L17: 2000 | M17: OK | N17: 431 | O17: mean_of_run_statistics
... A257: DEMO | B257: paas | C257: steady | D257: medium | E257: write | F257: error_rate_pct | G257: 0.46785226 | H257: 0 | I257: 0.93844049 | J257: 5 | K257: percentile_bootstrap_of_independent_run_means | L257: 2000 | M257: OK | N257: 358 | O257: mean_of_run_statistics

Sheet Cold Warm
A1: Cold Warm
A2: SIMULATED DATA – NOT REAL CLOUD MEASUREMENTS
A3: results\processed\demo\cold_warm.csv
A5: data_mode | B5: model | C5: scenario | D5: endpoint | E5: run_id | F5: classification | G5: request_count | H5: mean_ms | I5: p50_ms | J5: p95_ms | K5: p99_ms | L5: min_ms | M5: max_ms | N5: std_ms | O5: cv | P5: tail_warning | Q5: handler_mean_ms | R5: wall_mean_ms
A6: DEMO | B6: faas | C6: burst | D6: cpu | E6: simulated-faas-burst-burst-mixed-r01 | F6: confirmed_warm | G6: 80 | H6: 179.20325 | I6: 157.18941 | J6: 263.03475 | L6: 51.196236 | M6: 1488.7454 | N6: 160.34404 | O6: 0.89476077 | P6: p95 requires >=20, p99 requires >=1000 samples; no guarantees at these minimums | Q6: 129.50893 | R6: 181.20325
A7: DEMO | B7: faas | C7: burst | D7: cpu | E7: simulated-faas-burst-burst-mixed-r01 | F7: unknown | G7: 3 | H7: 213.85998 | I7: 250.66636 | L7: 130.98003 | M7: 259.93355 | N7: 71.925553 | O7: 0.33632077 | P7: p95 requires >=20, p99 requires >=1000 samples; no guarantees at these minimums | Q7: 153.97919 | R7: 215.85998
A8: DEMO | B8: faas | C8: burst | D8: cpu | E8: simulated-faas-burst-burst-mixed-r02 | F8: confirmed_warm | G8: 76 | H8: 147.56879 | I8: 127.01131 | J8: 275.71106 | L8: 56.410148 | M8: 505.28224 | N8: 75.459177 | O8: 0.51134915 | P8: p95 requires >=20, p99 requires >=1000 samples; no guarantees at these minimums | Q8: 107.58341 | R8: 149.56879
A9: DEMO | B9: faas | C9: burst | D9: cpu | E9: simulated-faas-burst-burst-mixed-r02 | F9: unknown | G9: 8 | H9: 137.08786 | I9: 120.55144 | L9: 68.178765 | M9: 283.95139 | N9: 69.074251 | O9: 0.50386848 | P9: p95 requires >=20, p99 requires >=1000 samples; no guarantees at these minimums | Q9: 101.76871 | R9: 139.08786
A10: DEMO | B10: faas | C10: burst | D10: cpu | E10: simulated-faas-burst-burst-mixed-r03 | F10: confirmed_warm | G10: 84 | H10: 161.34814 | I10: 153.21861 | J10: 281.01646 | L10: 61.672689 | M10: 356.13958 | N10: 61.727325 | O10: 0.38257227 | P10: p95 requires >=20, p99 requires >=1000 samples; no guarantees at these minimums | Q10: 116.77345 | R10: 163.34814
A11: DEMO | B11: faas | C11: burst | D11: cpu | E11: simulated-faas-burst-burst-mixed-r03 | F11: unknown | G11: 6 | H11: 101.30307 | I11: 98.612915 | L11: 75.682048 | M11: 130.10219 | N11: 20.978714 | O11: 0.20708863 | P11: p95 requires >=20, p99 requires >=1000 samples; no guarantees at these minimums | Q11: 72.938213 | R11: 103.30307
A12: DEMO | B12: faas | C12: burst | D12: cpu | E12: simulated-faas-burst-burst-mixed-r04 | F12: confirmed_warm | G12: 93 | H12: 158.89584 | I12: 133.77664 | J12: 264.03801 | L12: 49.701554 | M12: 1702.56 | N12: 173.77481 | O12: 1.0936398 | P12: p95 requires >=20, p99 requires >=1000 samples; no guarantees at these minimums | Q12: 114.51612 | R12: 160.89584
A13: DEMO | B13: faas | C13: burst | D13: cpu | E13: simulated-faas-burst-burst-mixed-r04 | F13: unknown | G13: 3 | H13: 182.90836 | I13: 189.74337 | L13: 165.92172 | M13: 193.06 | N13: 14.804041 | O13: 0.080936926 | P13: p95 requires >=20, p99 requires >=1000 samples; no guarantees at these minimums | Q13: 128.03943 | R13: 184.90836
A14: DEMO | B14: faas | C14: burst | D14: cpu | E14: simulated-faas-burst-burst-mixed-r05 | F14: confirmed_warm | G14: 74 | H14: 195.20664 | I14: 171.37764 | J14: 363.33099 | L14: 75.534784 | M14: 406.81314 | N14: 86.949551 | O14: 0.44542313 | P14: p95 requires >=20, p99 requires >=1000 samples; no guarantees at these minimums | Q14: 139.98207 | R14: 197.20664
A15: DEMO | B15: faas | C15: burst | D15: cpu | E15: simulated-faas-burst-burst-mixed-r05 | F15: unknown | G15: 4 | H15: 145.91321 | I15: 147.22356 | L15: 87.980056 | M15: 201.22567 | N15: 56.111976 | O15: 0.3845572 | P15: p95 requires >=20, p99 requires >=1000 samples; no guarantees at these minimums | Q15: 105.05751 | R15: 147.91321
A16: DEMO | B16: faas | C16: burst | D16: read | E16: simulated-faas-burst-burst-mixed-r01 | F16: confirmed_warm | G16: 552 | H16: 57.933708 | I16: 53.331765 | J16: 101.54906 | L16: 15.696553 | M16: 498.52723 | N16: 29.31717 | O16: 0.50604684 | P16: p95 requires >=20, p99 requires >=1000 samples; no guarantees at these minimums | Q16: 41.654953 | R16: 59.933708
A17: DEMO | B17: faas | C17: burst | D17: read | E17: simulated-faas-burst-burst-mixed-r01 | F17: unknown | G17: 34 | H17: 59.224866 | I17: 56.360722 | J17: 107.91133 | L17: 21.197203 | M17: 111.04001 | N17: 24.830066 | O17: 0.41925069 | P17: p95 requires >=20, p99 requires >=1000 samples; no guarantees at these minimums | Q17: 42.300026 | R17: 61.224866
A18: DEMO | B18: faas | C18: burst | D18: read | E18: simulated-faas-burst-burst-mixed-r02 | F18: confirmed_warm | G18: 546 | H18: 46.400448 | I18: 41.143275 | J18: 77.735063 | L18: 11.806276 | M18: 587.50153 | N18: 29.708113 | O18: 0.64025486 | P18: p95 requires >=20, p99 requires >=1000 samples; no guarantees at these minimums | Q18: 33.403873 | R18: 48.400448
A19: DEMO | B19: faas | C19: burst | D19: read | E19: simulated-faas-burst-burst-mixed-r02 | F19: unknown | G19: 29 | H19: 63.45348 | I19: 40.811035 | J19: 112.56101 | L19: 17.200611 | M19: 535.71532 | N19: 93.663222 | O19: 1.4760928 | P19: p95 requires >=20, p99 requires >=1000 samples; no guarantees at these minimums | Q19: 45.686506 | R19: 65.45348
A20: DEMO | B20: faas | C20: burst | D20: read | E20: simulated-faas-burst-burst-mixed-r03 | F20: confirmed_warm | G20: 531 | H20: 62.476217 | I20: 50.167961 | J20: 104.37441 | L20: 13.574096 | M20: 932.97067 | N20: 75.744991 | O20: 1.2123812 | P20: p95 requires >=20, p99 requires >=1000 samples; no guarantees at these minimums | Q20: 45.390511 | R20: 64.476217
A21: DEMO | B21: faas | C21: burst | D21: read | E21: simulated-faas-burst-burst-mixed-r03 | F21: unknown | G21: 37 | H21: 51.611368 | I21: 46.410552 | J21: 85.679094 | L21: 22.762219 | M21: 134.6303 | N21: 21.693547 | O21: 0.42032498 | P21: p95 requires >=20, p99 requires >=1000 samples; no guarantees at these minimums | Q21: 37.530704 | R21: 53.611368
A22: DEMO | B22: faas | C22: burst | D22: read | E22: simulated-faas-burst-burst-mixed-r04 | F22: confirmed_warm | G22: 553 | H22: 47.202117 | I22: 40.97066 | J22: 85.37645 | L22: 13.85325 | M22: 924.16184 | N22: 41.926261 | O22: 0.8882284 | P22: p95 requires >=20, p99 requires >=1000 samples; no guarantees at these minimums | Q22: 33.962372 | R22: 49.202117
A23: DEMO | B23: faas | C23: burst | D23: read | E23: simulated-faas-burst-burst-mixed-r04 | F23: unknown | G23: 21 | H23: 48.794931 | I23: 45.717809 | J23: 86.322221 | L23: 16.035421 | M23: 96.324255 | N23: 23.418495 | O23: 0.47993704 | P23: p95 requires >=20, p99 requires >=1000 samples; no guarantees at these minimums | Q23: 35.132351 | R23: 50.794931
A24: DEMO | B24: faas | C24: burst | D24: read | E24: simulated-faas-burst-burst-mixed-r05 | F24: confirmed_warm | G24: 562 | H24: 57.958821 | I24: 50.908113 | J24: 101.37136 | L24: 13.628824 | M24: 855.4549 | N24: 51.833973 | O24: 0.89432415 | P24: p95 requires >=20, p99 requires >=1000 samples; no guarantees at these minimums | Q24: 39.899784 | R24: 59.958821
A25: DEMO | B25: faas | C25: burst | D25: read | E25: simulated-faas-burst-burst-mixed-r05 | F25: unknown | G25: 35 | H25: 57.874998 | I25: 50.403011 | J25: 111.18852 | L25: 26.060418 | M25: 113.45339 | N25: 24.397321 | O25: 0.42155199 | P25: p95 requires >=20, p99 requires >=1000 samples; no guarantees at these minimums | Q25: 42.95909 | R25: 59.874998
A26: DEMO | B26: faas | C26: burst | D26: write | E26: simulated-faas-burst-burst-mixed-r01 | F26: confirmed_warm | G26: 155 | H26: 85.427204 | I26: 78.247321 | J26: 163.54148 | L26: 25.392753 | M26: 241.75394 | N26: 38.312485 | O26: 0.44848109 | P26: p95 requires >=20, p99 requires >=1000 samples; no guarantees at these minimums | Q26: 61.392318 | R26: 87.427204
A27: DEMO | B27: faas | C27: burst | D27: write | E27: simulated-faas-burst-burst-mixed-r01 | F27: unknown | G27: 6 | H27: 88.519034 | I27: 101.3725 | L27: 29.250192 | M27: 129.55194 | N27: 40.546613 | O27: 0.4580553 | P27: p95 requires >=20, p99 requires >=1000 samples; no guarantees at these minimums | Q27: 63.733705 | R27: 90.519034
A28: DEMO | B28: faas | C28: burst | D28: write | E28: simulated-faas-burst-burst-mixed-r02 | F28: confirmed_warm | G28: 167 | H28: 67.457928 | I28: 61.843339 | J28: 125.90636 | L28: 21.749134 | M28: 182.91678 | N28: 29.212585 | O28: 0.43304895 | P28: p95 requires >=20, p99 requires >=1000 samples; no guarantees at these minimums | Q28: 48.241238 | R28: 69.457928
A29: DEMO | B29: faas | C29: burst | D29: write | E29: simulated-faas-burst-burst-mixed-r02 | F29: unknown | G29: 4 | H29: 73.868162 | I29: 66.638213 | L29: 48.397915 | M29: 113.79831 | N29: 30.679662 | O29: 0.41532997 | P29: p95 requires >=20, p99 requires >=1000 samples; no guarantees at these minimums | Q29: 53.185077 | R29: 75.868162
A30: DEMO | B30: faas | C30: burst | D30: write | E30: simulated-faas-burst-burst-mixed-r03 | F30: confirmed_warm | G30: 158 | H30: 83.391387 | I30: 77.404886 | J30: 143.95315 | L30: 21.631114 | M30: 221.40202 | N30: 34.051726 | O30: 0.40833624 | P30: p95 requires >=20, p99 requires >=1000 samples; no guarantees at these minimums | Q30: 60.349672 | R30: 85.391387
A31: DEMO | B31: faas | C31: burst | D31: write | E31: simulated-faas-burst-burst-mixed-r03 | F31: unknown | G31: 14 | H31: 84.133265 | I31: 72.210513 | L31: 31.341319 | M31: 137.67265 | N31: 31.738466 | O31: 0.37724039 | P31: p95 requires >=20, p99 requires >=1000 samples; no guarantees at these minimums | Q31: 59.853992 | R31: 86.133265
A32: DEMO | B32: faas | C32: burst | D32: write | E32: simulated-faas-burst-burst-mixed-r04 | F32: confirmed_warm | G32: 154 | H32: 69.306068 | I32: 64.439192 | J32: 126.45909 | L32: 21.592088 | M32: 209.39364 | N32: 31.865827 | O32: 0.45978409 | P32: p95 requires >=20, p99 requires >=1000 samples; no guarantees at these minimums | Q32: 49.193691 | R32: 71.306068
A33: DEMO | B33: faas | C33: burst | D33: write | E33: simulated-faas-burst-burst-mixed-r04 | F33: unknown | G33: 6 | H33: 80.971031 | I33: 80.889905 | L33: 27.082159 | M33: 133.7492 | N33: 40.688289 | O33: 0.50250427 | P33: p95 requires >=20, p99 requires >=1000 samples; no guarantees at these minimums | Q33: 58.299142 | R33: 82.971031
A34: DEMO | B34: faas | C34: burst | D34: write | E34: simulated-faas-burst-burst-mixed-r05 | F34: confirmed_warm | G34: 145 | H34: 88.515936 | I34: 74.166554 | J34: 138.51434 | L34: 27.288487 | M34: 1141.1705 | N34: 93.569205 | O34: 1.0570888 | P34: p95 requires >=20, p99 requires >=1000 samples; no guarantees at these minimums | Q34: 64.357033 | R34: 90.515936
A35: DEMO | B35: faas | C35: burst | D35: write | E35: simulated-faas-burst-burst-mixed-r05 | F35: unknown | G35: 10 | H35: 107.28525 | I35: 103.16997 | L35: 75.415948 | M35: 167.84364 | N35: 29.391049 | O35: 0.27395239 | P35: p95 requires >=20, p99 requires >=1000 samples; no guarantees at these minimums | Q35: 77.245377 | R35: 109.28525
A36: DEMO | B36: faas | C36: idle | D36: cpu | E36: simulated-faas-idle-idle-mixed-r01 | F36: confirmed_warm | G36: 4 | H36: 124.81198 | I36: 117.12162 | L36: 99.366742 | M36: 165.63792 | N36: 28.768608 | O36: 0.23049557 | P36: p95 requires >=20, p99 requires >=1000 samples; no guarantees at these minimums | Q36: 89.864622 | R36: 126.81198
A37: DEMO | B37: faas | C37: idle | D37: cpu | E37: simulated-faas-idle-idle-mixed-r02 | F37: confirmed_warm | G37: 1 | H37: 130.91349 | I37: 130.91349 | L37: 130.91349 | M37: 130.91349 | P37: p95 requires >=20, p99 requires >=1000 samples; no guarantees at these minimums | Q37: 94.25771 | R37: 132.91349
A38: DEMO | B38: faas | C38: idle | D38: cpu | E38: simulated-faas-idle-idle-mixed-r03 | F38: confirmed_warm | G38: 2 | H38: 136.36203 | I38: 136.36203 | L38: 130.50948 | M38: 142.21459 | N38: 8.2767664 | O38: 0.060697 | P38: p95 requires >=20, p99 requires >=1000 samples; no guarantees at these minimums | Q38: 98.180665 | R38: 138.36203
A39: DEMO | B39: faas | C39: idle | D39: cpu | E39: simulated-faas-idle-idle-mixed-r04 | F39: confirmed_warm | G39: 1 | H39: 63.839827 | I39: 63.839827 | L39: 63.839827 | M39: 63.839827 | P39: p95 requires >=20, p99 requires >=1000 samples; no guarantees at these minimums | Q39: 45.964675 | R39: 65.839827
A40: DEMO | B40: faas | C40: idle | D40: cpu | E40: simulated-faas-idle-idle-mixed-r05 | F40: confirmed_warm | G40: 2 | H40: 92.196162 | I40: 92.196162 | L40: 79.694749 | M40: 104.69758 | N40: 17.679668 | O40: 0.19176143 | P40: p95 requires >=20, p99 requires >=1000 samples; no guarantees at these minimums | Q40: 66.381237 | R40: 94.196162
A41: DEMO | B41: faas | C41: idle | D41: read | E41: simulated-faas-idle-idle-mixed-r01 | F41: confirmed_cold | G41: 1 | H41: 677.1322 | I41: 677.1322 | L41: 677.1322 | M41: 677.1322 | P41: p95 requires >=20, p99 requires >=1000 samples; no guarantees at these minimums | Q41: 487.53518 | R41: 679.1322
A42: DEMO | B42: faas | C42: idle | D42: read | E42: simulated-faas-idle-idle-mixed-r01 | F42: confirmed_warm | G42: 12 | H42: 47.934586 | I42: 47.308843 | L42: 23.926021 | M42: 94.171301 | N42: 20.352158 | O42: 0.42458191 | P42: p95 requires >=20, p99 requires >=1000 samples; no guarantees at these minimums | Q42: 34.512902 | R42: 49.934586
A43: DEMO | B43: faas | C43: idle | D43: read | E43: simulated-faas-idle-idle-mixed-r01 | F43: unknown | G43: 2 | H43: 49.563501 | I43: 49.563501 | L43: 44.097873 | M43: 55.029129 | N43: 7.7295653 | O43: 0.15595277 | P43: p95 requires >=20, p99 requires >=1000 samples; no guarantees at these minimums | Q43: 35.68572 | R43: 51.563501
A44: DEMO | B44: faas | C44: idle | D44: read | E44: simulated-faas-idle-idle-mixed-r02 | F44: confirmed_warm | G44: 17 | H44: 36.556551 | I44: 33.759338 | L44: 20.136933 | M44: 65.743731 | N44: 12.889077 | O44: 0.35257913 | P44: p95 requires >=20, p99 requires >=1000 samples; no guarantees at these minimums | Q44: 26.320717 | R44: 38.556551
A45: DEMO | B45: faas | C45: idle | D45: read | E45: simulated-faas-idle-idle-mixed-r02 | F45: unknown | G45: 1 | H45: 15.159653 | I45: 15.159653 | L45: 15.159653 | M45: 15.159653 | P45: p95 requires >=20, p99 requires >=1000 samples; no guarantees at these minimums | Q45: 10.91495 | R45: 17.159653
A46: DEMO | B46: faas | C46: idle | D46: read | E46: simulated-faas-idle-idle-mixed-r03 | F46: confirmed_cold | G46: 1 | H46: 365.95718 | I46: 365.95718 | L46: 365.95718 | M46: 365.95718 | P46: p95 requires >=20, p99 requires >=1000 samples; no guarantees at these minimums | Q46: 263.48917 | R46: 367.95718
A47: DEMO | B47: faas | C47: idle | D47: read | E47: simulated-faas-idle-idle-mixed-r03 | F47: confirmed_warm | G47: 13 | H47: 31.582259 | I47: 32.065496 | L47: 11.780605 | M47: 47.715566 | N47: 9.5569607 | O47: 0.30260535 | P47: p95 requires >=20, p99 requires >=1000 samples; no guarantees at these minimums | Q47: 22.739227 | R47: 33.582259
A48: DEMO | B48: faas | C48: idle | D48: read | E48: simulated-faas-idle-idle-mixed-r03 | F48: unknown | G48: 1 | H48: 37.77689 | I48: 37.77689 | L48: 37.77689 | M48: 37.77689 | P48: p95 requires >=20, p99 requires >=1000 samples; no guarantees at these minimums | Q48: 27.199361 | R48: 39.77689
A49: DEMO | B49: faas | C49: idle | D49: read | E49: simulated-faas-idle-idle-mixed-r04 | F49: confirmed_cold | G49: 1 | H49: 726.83519 | I49: 726.83519 | L49: 726.83519 | M49: 726.83519 | P49: p95 requires >=20, p99 requires >=1000 samples; no guarantees at these minimums | Q49: 523.32134 | R49: 728.83519
A50: DEMO | B50: faas | C50: idle | D50: read | E50: simulated-faas-idle-idle-mixed-r04 | F50: confirmed_warm | G50: 12 | H50: 46.819413 | I50: 40.09362 | L50: 20.464774 | M50: 110.98254 | N50: 23.342024 | O50: 0.49855439 | P50: p95 requires >=20, p99 requires >=1000 samples; no guarantees at these minimums | Q50: 33.709977 | R50: 48.819413
A51: DEMO | B51: faas | C51: idle | D51: read | E51: simulated-faas-idle-idle-mixed-r04 | F51: unknown | G51: 1 | H51: 31.371622 | I51: 31.371622 | L51: 31.371622 | M51: 31.371622 | P51: p95 requires >=20, p99 requires >=1000 samples; no guarantees at these minimums | Q51: 22.587568 | R51: 33.371622
A52: DEMO | B52: faas | C52: idle | D52: read | E52: simulated-faas-idle-idle-mixed-r05 | F52: confirmed_warm | G52: 11 | H52: 37.922397 | I52: 32.623381 | L52: 24.42767 | M52: 53.244103 | N52: 10.690151 | O52: 0.28189544 | P52: p95 requires >=20, p99 requires >=1000 samples; no guarantees at these minimums | Q52: 27.304126 | R52: 39.922397
A53: DEMO | B53: faas | C53: idle | D53: write | E53: simulated-faas-idle-idle-mixed-r01 | F53: confirmed_warm | G53: 2 | H53: 78.430307 | I53: 78.430307 | L53: 57.176987 | M53: 99.683628 | N53: 30.056734 | O53: 0.38322856 | P53: p95 requires >=20, p99 requires >=1000 samples; no guarantees at these minimums | Q53: 56.469821 | R53: 80.430307
A54: DEMO | B54: faas | C54: idle | D54: write | E54: simulated-faas-idle-idle-mixed-r02 | F54: confirmed_warm | G54: 1 | H54: 50.960816 | I54: 50.960816 | L54: 50.960816 | M54: 50.960816 | P54: p95 requires >=20, p99 requires >=1000 samples; no guarantees at these minimums | Q54: 36.691787 | R54: 52.960816
A55: DEMO | B55: faas | C55: idle | D55: write | E55: simulated-faas-idle-idle-mixed-r02 | F55: unknown | G55: 1 | H55: 86.840598 | I55: 86.840598 | L55: 86.840598 | M55: 86.840598 | P55: p95 requires >=20, p99 requires >=1000 samples; no guarantees at these minimums | Q55: 62.52523 | R55: 88.840598
A56: DEMO | B56: faas | C56: idle | D56: write | E56: simulated-faas-idle-idle-mixed-r03 | F56: confirmed_warm | G56: 4 | H56: 46.764637 | I56: 45.985442 | L56: 27.342508 | M56: 67.745155 | N56: 20.121893 | O56: 0.43028011 | P56: p95 requires >=20, p99 requires >=1000 samples; no guarantees at these minimums | Q56: 33.670538 | R56: 48.764637
A57: DEMO | B57: faas | C57: idle | D57: write | E57: simulated-faas-idle-idle-mixed-r04 | F57: confirmed_warm | G57: 5 | H57: 66.124884 | I57: 63.915518 | L57: 41.693548 | M57: 92.976722 | N57: 20.779295 | O57: 0.3142432 | P57: p95 requires >=20, p99 requires >=1000 samples; no guarantees at these minimums | Q57: 47.609917 | R57: 68.124884
A58: DEMO | B58: faas | C58: idle | D58: write | E58: simulated-faas-idle-idle-mixed-r04 | F58: unknown | G58: 1 | H58: 33.01618 | I58: 33.01618 | L58: 33.01618 | M58: 33.01618 | P58: p95 requires >=20, p99 requires >=1000 samples; no guarantees at these minimums | Q58: 23.77165 | R58: 35.01618
A59: DEMO | B59: faas | C59: idle | D59: write | E59: simulated-faas-idle-idle-mixed-r05 | F59: confirmed_cold | G59: 1 | H59: 1470.2319 | I59: 1470.2319 | L59: 1470.2319 | M59: 1470.2319 | P59: p95 requires >=20, p99 requires >=1000 samples; no guarantees at these minimums | R59: 1472.2319
A60: DEMO | B60: faas | C60: idle | D60: write | E60: simulated-faas-idle-idle-mixed-r05 | F60: confirmed_warm | G60: 7 | H60: 48.38373 | I60: 42.545613 | L60: 35.338747 | M60: 82.845484 | N60: 16.122345 | O60: 0.33321832 | P60: p95 requires >=20, p99 requires >=1000 samples; no guarantees at these minimums | Q60: 34.836286 | R60: 50.38373
A61: DEMO | B61: faas | C61: steady | D61: cpu | E61: simulated-faas-steady-high-mixed-r01 | F61: confirmed_warm | G61: 84 | H61: 125.65055 | I61: 122.17576 | J61: 207.87293 | L61: 50.189663 | M61: 247.75923 | N61: 43.937955 | O61: 0.34968375 | P61: p95 requires >=20, p99 requires >=1000 samples; no guarantees at these minimums | Q61: 90.42817 | R61: 127.65055
A62: DEMO | B62: faas | C62: steady | D62: cpu | E62: simulated-faas-steady-high-mixed-r01 | F62: unknown | G62: 2 | H62: 98.542769 | I62: 98.542769 | L62: 69.376035 | M62: 127.7095 | N62: 41.24799 | O62: 0.41857957 | P62: p95 requires >=20, p99 requires >=1000 samples; no guarantees at these minimums | Q62: 70.950793 | R62: 100.54277
A63: DEMO | B63: faas | C63: steady | D63: cpu | E63: simulated-faas-steady-high-mixed-r02 | F63: confirmed_warm | G63: 84 | H63: 121.99808 | I63: 116.75423 | J63: 186.91461 | L63: 55.733651 | M63: 303.34957 | N63: 37.208349 | O63: 0.30499127 | P63: p95 requires >=20, p99 requires >=1000 samples; no guarantees at these minimums | Q63: 88.275403 | R63: 123.99808
A64: DEMO | B64: faas | C64: steady | D64: cpu | E64: simulated-faas-steady-high-mixed-r02 | F64: unknown | G64: 4 | H64: 125.42852 | I64: 131.39997 | L64: 91.232577 | M64: 147.68158 | N64: 26.619598 | O64: 0.21222922 | P64: p95 requires >=20, p99 requires >=1000 samples; no guarantees at these minimums | Q64: 92.226513 | R64: 127.42852
A65: DEMO | B65: faas | C65: steady | D65: cpu | E65: simulated-faas-steady-high-mixed-r03 | F65: confirmed_warm | G65: 78 | H65: 188.86538 | I65: 125.72513 | J65: 250.91754 | L65: 62.713309 | M65: 4169.9376 | N65: 459.61814 | O65: 2.4335754 | P65: p95 requires >=20, p99 requires >=1000 samples; no guarantees at these minimums | Q65: 141.09773 | R65: 190.86538
A66: DEMO | B66: faas | C66: steady | D66: cpu | E66: simulated-faas-steady-high-mixed-r03 | F66: unknown | G66: 8 | H66: 143.06442 | I66: 135.66852 | L66: 78.24224 | M66: 217.29812 | N66: 42.787046 | O66: 0.29907538 | P66: p95 requires >=20, p99 requires >=1000 samples; no guarantees at these minimums | Q66: 95.252774 | R66: 145.06442
A67: DEMO | B67: faas | C67: steady | D67: cpu | E67: simulated-faas-steady-high-mixed-r04 | F67: confirmed_warm | G67: 97 | H67: 146.11949 | I67: 119.02238 | J67: 258.83812 | L67: 51.689389 | M67: 1837.4751 | N67: 182.02281 | O67: 1.2457121 | P67: p95 requires >=20, p99 requires >=1000 samples; no guarantees at these minimums | Q67: 105.04013 | R67: 148.11949
A68: DEMO | B68: faas | C68: steady | D68: cpu | E68: simulated-faas-steady-high-mixed-r04 | F68: unknown | G68: 6 | H68: 131.20814 | I68: 103.82846 | L68: 67.548611 | M68: 223.95853 | N68: 72.780968 | O68: 0.55469857 | P68: p95 requires >=20, p99 requires >=1000 samples; no guarantees at these minimums | Q68: 103.47923 | R68: 133.20814
A69: DEMO | B69: faas | C69: steady | D69: cpu | E69: simulated-faas-steady-high-mixed-r05 | F69: confirmed_warm | G69: 81 | H69: 123.07881 | I69: 110.0192 | J69: 211.21204 | L69: 52.957055 | M69: 286.8399 | N69: 49.738141 | O69: 0.40411619 | P69: p95 requires >=20, p99 requires >=1000 samples; no guarantees at these minimums | Q69: 88.834953 | R69: 125.07881
A70: DEMO | B70: faas | C70: steady | D70: cpu | E70: simulated-faas-steady-high-mixed-r05 | F70: unknown | G70: 3 | H70: 104.43416 | I70: 98.374997 | L70: 79.6684 | M70: 135.25909 | N70: 28.286329 | O70: 0.27085321 | P70: p95 requires >=20, p99 requires >=1000 samples; no guarantees at these minimums | Q70: 75.192597 | R70: 106.43416
A71: DEMO | B71: faas | C71: steady | D71: cpu | E71: simulated-faas-steady-low-mixed-r01 | F71: confirmed_warm | G71: 8 | H71: 152.27878 | I71: 126.73907 | L71: 95.180091 | M71: 242.59969 | N71: 62.959313 | O71: 0.41344771 | P71: p95 requires >=20, p99 requires >=1000 samples; no guarantees at these minimums | Q71: 109.64072 | R71: 154.27878
A72: DEMO | B72: faas | C72: steady | D72: cpu | E72: simulated-faas-steady-low-mixed-r01 | F72: unknown | G72: 2 | H72: 124.08568 | I72: 124.08568 | L72: 75.966213 | M72: 172.20515 | N72: 68.051205 | O72: 0.54842109 | P72: p95 requires >=20, p99 requires >=1000 samples; no guarantees at these minimums | Q72: 89.341691 | R72: 126.08568
A73: DEMO | B73: faas | C73: steady | D73: cpu | E73: simulated-faas-steady-low-mixed-r02 | F73: confirmed_warm | G73: 5 | H73: 105.19165 | I73: 75.794039 | L73: 48.74648 | M73: 192.82899 | N73: 59.237575 | O73: 0.56313952 | P73: p95 requires >=20, p99 requires >=1000 samples; no guarantees at these minimums | Q73: 75.737988 | R73: 107.19165
A74: DEMO | B74: faas | C74: steady | D74: cpu | E74: simulated-faas-steady-low-mixed-r02 | F74: unknown | G74: 3 | H74: 84.668347 | I74: 92.540431 | L74: 64.009267 | M74: 97.455343 | N74: 18.059271 | O74: 0.21329424 | P74: p95 requires >=20, p99 requires >=1000 samples; no guarantees at these minimums | Q74: 60.96121 | R74: 86.668347
A75: DEMO | B75: faas | C75: steady | D75: cpu | E75: simulated-faas-steady-low-mixed-r03 | F75: confirmed_warm | G75: 7 | H75: 117.04013 | I75: 104.39971 | L75: 63.508657 | M75: 222.99675 | N75: 53.99884 | O75: 0.4613703 | P75: p95 requires >=20, p99 requires >=1000 samples; no guarantees at these minimums | Q75: 84.268894 | R75: 119.04013
A76: DEMO | B76: faas | C76: steady | D76: cpu | E76: simulated-faas-steady-low-mixed-r03 | F76: unknown | G76: 1 | H76: 66.438225 | I76: 66.438225 | L76: 66.438225 | M76: 66.438225 | P76: p95 requires >=20, p99 requires >=1000 samples; no guarantees at these minimums | Q76: 47.835522 | R76: 68.438225
A77: DEMO | B77: faas | C77: steady | D77: cpu | E77: simulated-faas-steady-low-mixed-r04 | F77: confirmed_warm | G77: 9 | H77: 163.17417 | I77: 141.16563 | L77: 107.72751 | M77: 279.94223 | N77: 59.550524 | O77: 0.36495068 | P77: p95 requires >=20, p99 requires >=1000 samples; no guarantees at these minimums | Q77: 117.4854 | R77: 165.17417
A78: DEMO | B78: faas | C78: steady | D78: cpu | E78: simulated-faas-steady-low-mixed-r05 | F78: confirmed_warm | G78: 13 | H78: 117.56072 | I78: 119.20201 | L78: 68.89712 | M78: 169.35169 | N78: 30.653119 | O78: 0.26074288 | P78: p95 requires >=20, p99 requires >=1000 samples; no guarantees at these minimums | Q78: 84.643715 | R78: 119.56072
A79: DEMO | B79: faas | C79: steady | D79: cpu | E79: simulated-faas-steady-medium-mixed-r01 | F79: confirmed_warm | G79: 36 | H79: 135.24921 | I79: 133.17466 | J79: 216.38906 | L79: 48.583809 | M79: 256.45267 | N79: 45.968994 | O79: 0.33988365 | P79: p95 requires >=20, p99 requires >=1000 samples; no guarantees at these minimums | Q79: 98.063722 | R79: 137.24921
A80: DEMO | B80: faas | C80: steady | D80: cpu | E80: simulated-faas-steady-medium-mixed-r02 | F80: confirmed_warm | G80: 34 | H80: 111.28748 | I80: 105.31084 | J80: 182.65961 | L80: 42.57495 | M80: 227.08334 | N80: 42.622083 | O80: 0.38299081 | P80: p95 requires >=20, p99 requires >=1000 samples; no guarantees at these minimums | Q80: 81.422725 | R80: 113.28748
A81: DEMO | B81: faas | C81: steady | D81: cpu | E81: simulated-faas-steady-medium-mixed-r02 | F81: unknown | G81: 1 | H81: 118.14477 | I81: 118.14477 | L81: 118.14477 | M81: 118.14477 | P81: p95 requires >=20, p99 requires >=1000 samples; no guarantees at these minimums | Q81: 85.064238 | R81: 120.14477
A82: DEMO | B82: faas | C82: steady | D82: cpu | E82: simulated-faas-steady-medium-mixed-r03 | F82: confirmed_warm | G82: 23 | H82: 107.07657 | I82: 87.940313 | J82: 204.55118 | L82: 42.590487 | M82: 242.44372 | N82: 50.653584 | O82: 0.47305943 | P82: p95 requires >=20, p99 requires >=1000 samples; no guarantees at these minimums | Q82: 77.095134 | R82: 109.07657
A83: DEMO | B83: faas | C83: steady | D83: cpu | E83: simulated-faas-steady-medium-mixed-r03 | F83: unknown | G83: 4 | H83: 87.180987 | I83: 89.283048 | L83: 68.284328 | M83: 101.87352 | N83: 15.907371 | O83: 0.18246376 | P83: p95 requires >=20, p99 requires >=1000 samples; no guarantees at these minimums | Q83: 64.52578 | R83: 89.180987
A84: DEMO | B84: faas | C84: steady | D84: cpu | E84: simulated-faas-steady-medium-mixed-r04 | F84: confirmed_warm | G84: 36 | H84: 90.337292 | I84: 84.64063 | J84: 151.60908 | L84: 30.914432 | M84: 198.01382 | N84: 35.662204 | O84: 0.39476725 | P84: p95 requires >=20, p99 requires >=1000 samples; no guarantees at these minimums | Q84: 65.04285 | R84: 92.337292
A85: DEMO | B85: faas | C85: steady | D85: cpu | E85: simulated-faas-steady-medium-mixed-r04 | F85: unknown | G85: 1 | H85: 81.488081 | I85: 81.488081 | L85: 81.488081 | M85: 81.488081 | P85: p95 requires >=20, p99 requires >=1000 samples; no guarantees at these minimums | Q85: 58.671418 | R85: 83.488081
A86: DEMO | B86: faas | C86: steady | D86: cpu | E86: simulated-faas-steady-medium-mixed-r05 | F86: confirmed_warm | G86: 40 | H86: 138.03975 | I86: 95.220266 | J86: 162.4326 | L86: 51.463389 | M86: 1711.5534 | N86: 257.07057 | O86: 1.8622938 | P86: p95 requires >=20, p99 requires >=1000 samples; no guarantees at these minimums | Q86: 101.32131 | R86: 140.03975
A87: DEMO | B87: faas | C87: steady | D87: cpu | E87: simulated-faas-steady-medium-mixed-r05 | F87: unknown | G87: 2 | H87: 78.320554 | I87: 78.320554 | L87: 34.024276 | M87: 122.61683 | N87: 62.644396 | O87: 0.79984619 | P87: p95 requires >=20, p99 requires >=1000 samples; no guarantees at these minimums | Q87: 56.390799 | R87: 80.320554
A88: DEMO | B88: faas | C88: steady | D88: read | E88: simulated-faas-steady-high-mixed-r01 | F88: confirmed_warm | G88: 606 | H88: 36.359736 | I88: 33.223557 | J88: 62.586606 | L88: 10.813409 | M88: 349.71657 | N88: 18.756565 | O88: 0.51586087 | P88: p95 requires >=20, p99 requires >=1000 samples; no guarantees at these minimums | Q88: 26.342254 | R88: 38.359736
A89: DEMO | B89: faas | C89: steady | D89: read | E89: simulated-faas-steady-high-mixed-r01 | F89: unknown | G89: 46 | H89: 82.808533 | I89: 32.705533 | J89: 397.80824 | L89: 16.32367 | M89: 1213.613 | N89: 199.29488 | O89: 2.4066949 | P89: p95 requires >=20, p99 requires >=1000 samples; no guarantees at these minimums | Q89: 61.457934 | R89: 84.808533
A90: DEMO | B90: faas | C90: steady | D90: read | E90: simulated-faas-steady-high-mixed-r02 | F90: confirmed_warm | G90: 600 | H90: 40.84261 | I90: 37.220532 | J90: 70.465276 | L90: 8.7767008 | M90: 730.52694 | N90: 32.442825 | O90: 0.79433771 | P90: p95 requires >=20, p99 requires >=1000 samples; no guarantees at these minimums | Q90: 29.472325 | R90: 42.84261
A91: DEMO | B91: faas | C91: steady | D91: read | E91: simulated-faas-steady-high-mixed-r02 | F91: unknown | G91: 41 | H91: 36.688383 | I91: 31.613398 | J91: 67.372348 | L91: 19.734403 | M91: 86.378788 | N91: 15.595396 | O91: 0.42507724 | P91: p95 requires >=20, p99 requires >=1000 samples; no guarantees at these minimums | Q91: 26.719041 | R91: 38.688383
A92: DEMO | B92: faas | C92: steady | D92: read | E92: simulated-faas-steady-high-mixed-r03 | F92: confirmed_warm | G92: 609 | H92: 41.42125 | I92: 36.962881 | J92: 73.964372 | L92: 12.582859 | M92: 687.03848 | N92: 30.73375 | O92: 0.74198026 | P92: p95 requires >=20, p99 requires >=1000 samples; no guarantees at these minimums | Q92: 30.051124 | R92: 43.42125
A93: DEMO | B93: faas | C93: steady | D93: read | E93: simulated-faas-steady-high-mixed-r03 | F93: unknown | G93: 30 | H93: 40.413595 | I93: 33.35254 | J93: 76.275408 | L93: 20.791771 | M93: 100.88679 | N93: 19.202358 | O93: 0.475146 | P93: p95 requires >=20, p99 requires >=1000 samples; no guarantees at these minimums | Q93: 29.213908 | R93: 42.413595
A94: DEMO | B94: faas | C94: steady | D94: read | E94: simulated-faas-steady-high-mixed-r04 | F94: confirmed_warm | G94: 571 | H94: 42.193273 | I94: 36.459261 | J94: 70.27934 | L94: 11.194453 | M94: 619.84443 | N94: 37.947466 | O94: 0.89937241 | P94: p95 requires >=20, p99 requires >=1000 samples; no guarantees at these minimums | Q94: 30.57986 | R94: 44.193273
A95: DEMO | B95: faas | C95: steady | D95: read | E95: simulated-faas-steady-high-mixed-r04 | F95: unknown | G95: 44 | H95: 42.140935 | I95: 40.042884 | J95: 76.881188 | L95: 20.66808 | M95: 86.892506 | N95: 15.935323 | O95: 0.37814355 | P95: p95 requires >=20, p99 requires >=1000 samples; no guarantees at these minimums | Q95: 29.919407 | R95: 44.140935
A96: DEMO | B96: faas | C96: steady | D96: read | E96: simulated-faas-steady-high-mixed-r05 | F96: confirmed_warm | G96: 583 | H96: 40.755485 | I96: 36.933796 | J96: 70.875693 | L96: 10.573256 | M96: 713.14342 | N96: 31.953437 | O96: 0.7840279 | P96: p95 requires >=20, p99 requires >=1000 samples; no guarantees at these minimums | Q96: 29.286544 | R96: 42.755485
A97: DEMO | B97: faas | C97: steady | D97: read | E97: simulated-faas-steady-high-mixed-r05 | F97: unknown | G97: 39 | H97: 37.303091 | I97: 33.115538 | J97: 62.374387 | L97: 13.99284 | M97: 74.084836 | N97: 14.159306 | O97: 0.37957461 | P97: p95 requires >=20, p99 requires >=1000 samples; no guarantees at these minimums | Q97: 27.852883 | R97: 39.303091
A98: DEMO | B98: faas | C98: steady | D98: read | E98: simulated-faas-steady-low-mixed-r01 | F98: confirmed_warm | G98: 57 | H98: 44.475388 | I98: 39.309043 | J98: 79.893777 | L98: 14.962856 | M98: 148.03499 | N98: 21.155165 | O98: 0.47566005 | P98: p95 requires >=20, p99 requires >=1000 samples; no guarantees at these minimums | Q98: 32.252957 | R98: 46.475388
A99: DEMO | B99: faas | C99: steady | D99: read | E99: simulated-faas-steady-low-mixed-r01 | F99: unknown | G99: 3 | H99: 36.523896 | I99: 38.775377 | L99: 28.15691 | M99: 42.639402 | N99: 7.4991676 | O99: 0.20532222 | P99: p95 requires >=20, p99 requires >=1000 samples; no guarantees at these minimums | Q99: 26.297205 | R99: 38.523896
A100: DEMO | B100: faas | C100: steady | D100: read | E100: simulated-faas-steady-low-mixed-r02 | F100: confirmed_warm | G100: 53 | H100: 35.162976 | I100: 32.701583 | J100: 64.684197 | L100: 16.787303 | M100: 72.736588 | N100: 13.843675 | O100: 0.39370031 | P100: p95 requires >=20, p99 requires >=1000 samples; no guarantees at these minimums | Q100: 25.04986 | R100: 37.162976
A101: DEMO | B101: faas | C101: steady | D101: read | E101: simulated-faas-steady-low-mixed-r02 | F101: unknown | G101: 3 | H101: 31.201599 | I101: 35.316925 | L101: 14.501743 | M101: 43.78613 | N101: 15.069696 | O101: 0.48297833 | P101: p95 requires >=20, p99 requires >=1000 samples; no guarantees at these minimums | Q101: 22.465152 | R101: 33.201599
...

Sheet Scaling
A1: Scaling
A2: SIMULATED DATA – NOT REAL CLOUD MEASUREMENTS
A3: results\processed\demo\scaling.csv
A5: data_mode | B5: run_id | C5: model | D5: scenario | E5: status | F5: scale_out_seconds | G5: scale_out_lower_seconds | H5: scale_out_upper_seconds | I5: baseline_instances | J5: peak_instances | K5: recovery_seconds | L5: sampling_seconds | M5: burst_started_at | N5: observed_increase_at | O5: peak_at
A6: DEMO | B6: simulated-faas-burst-burst-mixed-r01 | C6: faas | D6: burst | E6: OBSERVED_INTERVAL | F6: 54 | G6: 0 | H6: 54 | I6: 1 | J6: 2 | K6: 106 | L6: 60 | M6: 2026-10-01T10:00:06+00:00 | N6: 2026-10-01T10:01:00+00:00 | O6: 2026-10-01T10:01:00+00:00
A7: DEMO | B7: simulated-faas-burst-burst-mixed-r02 | C7: faas | D7: burst | E7: OBSERVED_INTERVAL | F7: 54 | G7: 0 | H7: 54 | I7: 1 | J7: 2 | K7: 106 | L7: 60 | M7: 2026-10-02T01:00:06+00:00 | N7: 2026-10-02T01:01:00+00:00 | O7: 2026-10-02T01:01:00+00:00
A8: DEMO | B8: simulated-faas-burst-burst-mixed-r03 | C8: faas | D8: burst | E8: OBSERVED_INTERVAL | F8: 54 | G8: 0 | H8: 54 | I8: 1 | J8: 2 | K8: 106 | L8: 60 | M8: 2026-10-02T16:00:06+00:00 | N8: 2026-10-02T16:01:00+00:00 | O8: 2026-10-02T16:01:00+00:00
A9: DEMO | B9: simulated-faas-burst-burst-mixed-r04 | C9: faas | D9: burst | E9: OBSERVED_INTERVAL | F9: 54 | G9: 0 | H9: 54 | I9: 1 | J9: 2 | K9: 106 | L9: 60 | M9: 2026-10-03T07:00:06+00:00 | N9: 2026-10-03T07:01:00+00:00 | O9: 2026-10-03T07:01:00+00:00
A10: DEMO | B10: simulated-faas-burst-burst-mixed-r05 | C10: faas | D10: burst | E10: OBSERVED_INTERVAL | F10: 54 | G10: 0 | H10: 54 | I10: 1 | J10: 2 | K10: 106 | L10: 60 | M10: 2026-10-03T21:00:06+00:00 | N10: 2026-10-03T21:01:00+00:00 | O10: 2026-10-03T21:01:00+00:00
A11: DEMO | B11: simulated-faas-idle-idle-mixed-r01 | C11: faas | D11: idle | E11: NOT_APPLICABLE_SCENARIO
A12: DEMO | B12: simulated-faas-idle-idle-mixed-r02 | C12: faas | D12: idle | E12: NOT_APPLICABLE_SCENARIO
A13: DEMO | B13: simulated-faas-idle-idle-mixed-r03 | C13: faas | D13: idle | E13: NOT_APPLICABLE_SCENARIO
A14: DEMO | B14: simulated-faas-idle-idle-mixed-r04 | C14: faas | D14: idle | E14: NOT_APPLICABLE_SCENARIO
A15: DEMO | B15: simulated-faas-idle-idle-mixed-r05 | C15: faas | D15: idle | E15: NOT_APPLICABLE_SCENARIO
A16: DEMO | B16: simulated-faas-steady-high-mixed-r01 | C16: faas | D16: steady | E16: NOT_APPLICABLE_SCENARIO
A17: DEMO | B17: simulated-faas-steady-high-mixed-r02 | C17: faas | D17: steady | E17: NOT_APPLICABLE_SCENARIO
A18: DEMO | B18: simulated-faas-steady-high-mixed-r03 | C18: faas | D18: steady | E18: NOT_APPLICABLE_SCENARIO
A19: DEMO | B19: simulated-faas-steady-high-mixed-r04 | C19: faas | D19: steady | E19: NOT_APPLICABLE_SCENARIO
A20: DEMO | B20: simulated-faas-steady-high-mixed-r05 | C20: faas | D20: steady | E20: NOT_APPLICABLE_SCENARIO
A21: DEMO | B21: simulated-faas-steady-low-mixed-r01 | C21: faas | D21: steady | E21: NOT_APPLICABLE_SCENARIO
A22: DEMO | B22: simulated-faas-steady-low-mixed-r02 | C22: faas | D22: steady | E22: NOT_APPLICABLE_SCENARIO
... A55: DEMO | B55: simulated-iaas-steady-medium-mixed-r05 | C55: iaas | D55: steady | E55: NOT_APPLICABLE_FIXED_VM
A56: DEMO | B56: simulated-paas-burst-burst-mixed-r01 | C56: paas | D56: burst | E56: OBSERVED_INTERVAL | F56: 54 | G56: 0 | H56: 54 | I56: 1 | J56: 2 | K56: 106 | L56: 60 | M56: 2026-10-01T09:00:06+00:00 | N56: 2026-10-01T09:01:00+00:00 | O56: 2026-10-01T09:01:00+00:00
A57: DEMO | B57: simulated-paas-burst-burst-mixed-r02 | C57: paas | D57: burst | E57: OBSERVED_INTERVAL | F57: 54 | G57: 0 | H57: 54 | I57: 1 | J57: 2 | K57: 106 | L57: 60 | M57: 2026-10-02T00:00:06+00:00 | N57: 2026-10-02T00:01:00+00:00 | O57: 2026-10-02T00:01:00+00:00
A58: DEMO | B58: simulated-paas-burst-burst-mixed-r03 | C58: paas | D58: burst | E58: OBSERVED_INTERVAL | F58: 54 | G58: 0 | H58: 54 | I58: 1 | J58: 2 | K58: 106 | L58: 60 | M58: 2026-10-02T15:00:06+00:00 | N58: 2026-10-02T15:01:00+00:00 | O58: 2026-10-02T15:01:00+00:00
A59: DEMO | B59: simulated-paas-burst-burst-mixed-r04 | C59: paas | D59: burst | E59: OBSERVED_INTERVAL | F59: 54 | G59: 0 | H59: 54 | I59: 1 | J59: 2 | K59: 106 | L59: 60 | M59: 2026-10-03T08:00:06+00:00 | N59: 2026-10-03T08:01:00+00:00 | O59: 2026-10-03T08:01:00+00:00
A60: DEMO | B60: simulated-paas-burst-burst-mixed-r05 | C60: paas | D60: burst | E60: OBSERVED_INTERVAL | F60: 54 | G60: 0 | H60: 54 | I60: 1 | J60: 2 | K60: 106 | L60: 60 | M60: 2026-10-03T23:00:06+00:00 | N60: 2026-10-03T23:01:00+00:00 | O60: 2026-10-03T23:01:00+00:00
A61: DEMO | B61: simulated-paas-idle-idle-mixed-r01 | C61: paas | D61: idle | E61: NOT_APPLICABLE_SCENARIO
A62: DEMO | B62: simulated-paas-idle-idle-mixed-r02 | C62: paas | D62: idle | E62: NOT_APPLICABLE_SCENARIO
A63: DEMO | B63: simulated-paas-idle-idle-mixed-r03 | C63: paas | D63: idle | E63: NOT_APPLICABLE_SCENARIO
A64: DEMO | B64: simulated-paas-idle-idle-mixed-r04 | C64: paas | D64: idle | E64: NOT_APPLICABLE_SCENARIO
A65: DEMO | B65: simulated-paas-idle-idle-mixed-r05 | C65: paas | D65: idle | E65: NOT_APPLICABLE_SCENARIO
A66: DEMO | B66: simulated-paas-steady-high-mixed-r01 | C66: paas | D66: steady | E66: NOT_APPLICABLE_SCENARIO
A67: DEMO | B67: simulated-paas-steady-high-mixed-r02 | C67: paas | D67: steady | E67: NOT_APPLICABLE_SCENARIO
A68: DEMO | B68: simulated-paas-steady-high-mixed-r03 | C68: paas | D68: steady | E68: NOT_APPLICABLE_SCENARIO
A69: DEMO | B69: simulated-paas-steady-high-mixed-r04 | C69: paas | D69: steady | E69: NOT_APPLICABLE_SCENARIO
A70: DEMO | B70: simulated-paas-steady-high-mixed-r05 | C70: paas | D70: steady | E70: NOT_APPLICABLE_SCENARIO
A71: DEMO | B71: simulated-paas-steady-low-mixed-r01 | C71: paas | D71: steady | E71: NOT_APPLICABLE_SCENARIO
A72: DEMO | B72: simulated-paas-steady-low-mixed-r02 | C72: paas | D72: steady | E72: NOT_APPLICABLE_SCENARIO
... A80: DEMO | B80: simulated-paas-steady-medium-mixed-r05 | C80: paas | D80: steady | E80: NOT_APPLICABLE_SCENARIO

Sheet Burst Phases
A1: Burst Phases
A2: SIMULATED DATA – NOT REAL CLOUD MEASUREMENTS
A3: results\processed\demo\burst_phases.csv
A5: data_mode | B5: run_id | C5: model | D5: stage | E5: request_count | F5: p95_ms | G5: p99_ms | H5: error_rate_pct | I5: cohort_rps
A6: DEMO | B6: simulated-faas-burst-burst-mixed-r01 | C6: faas | D6: baseline | E6: 61 | F6: 138.9098 | G6: 690.82317 | H6: 1.6393443 | I6: 10.166667
A7: DEMO | B7: simulated-faas-burst-burst-mixed-r01 | C7: faas | D7: hold | E7: 600 | F7: 183.08886 | G7: 259.94562 | H7: 1.6666667 | I7: 100
A8: DEMO | B8: simulated-faas-burst-burst-mixed-r01 | C8: faas | D8: ramp_down | E8: 10 | F8: 80.056466 | G8: 80.143963 | H8: 0 | I8: 10
A9: DEMO | B9: simulated-faas-burst-burst-mixed-r01 | C9: faas | D9: ramp_up | E9: 100 | F9: 155.79112 | G9: 199.81213 | H9: 2 | I9: 100
A10: DEMO | B10: simulated-faas-burst-burst-mixed-r01 | C10: faas | D10: recovery | E10: 59 | F10: 98.856694 | G10: 160.61296 | H10: 0 | I10: 9.8333333
A11: DEMO | B11: simulated-faas-burst-burst-mixed-r02 | C11: faas | D11: baseline | E11: 61 | F11: 114.87175 | G11: 197.12421 | H11: 1.6393443 | I11: 10.166667
A12: DEMO | B12: simulated-faas-burst-burst-mixed-r02 | C12: faas | D12: hold | E12: 600 | F12: 139.93096 | G12: 250.68757 | H12: 1.5 | I12: 100
A13: DEMO | B13: simulated-faas-burst-burst-mixed-r02 | C13: faas | D13: ramp_down | E13: 10 | F13: 182.67738 | G13: 214.65808 | H13: 0 | I13: 10
A14: DEMO | B14: simulated-faas-burst-burst-mixed-r02 | C14: faas | D14: ramp_up | E14: 100 | F14: 161.07603 | G14: 506.10444 | H14: 1 | I14: 100
A15: DEMO | B15: simulated-faas-burst-burst-mixed-r02 | C15: faas | D15: recovery | E15: 59 | F15: 100.89165 | G15: 154.65078 | H15: 0 | I15: 9.8333333
A16: DEMO | B16: simulated-faas-burst-burst-mixed-r03 | C16: faas | D16: baseline | E16: 61 | F16: 124.35446 | G16: 215.41147 | H16: 1.6393443 | I16: 10.166667
A17: DEMO | B17: simulated-faas-burst-burst-mixed-r03 | C17: faas | D17: hold | E17: 600 | F17: 184.06299 | G17: 315.75734 | H17: 1.8333333 | I17: 100
... A80: DEMO | B80: simulated-paas-burst-burst-mixed-r05 | C80: paas | D80: recovery | E80: 59 | F80: 88.220857 | G80: 123.38509 | H80: 1.6949153 | I80: 9.8333333

Sheet Errors
A1: Errors
A2: SIMULATED DATA – NOT REAL CLOUD MEASUREMENTS
A3: results\processed\demo\errors.csv
A5: data_mode | B5: model | C5: scenario | D5: endpoint | E5: status | F5: error_type | G5: request_count
A6: DEMO | B6: faas | C6: burst | D6: cpu | E6: 200 | F6: business_error | G6: 1
A7: DEMO | B7: faas | C7: burst | D7: cpu | E7: 200 | F7: none | G7: 425
A8: DEMO | B8: faas | C8: burst | D8: cpu | E8: 503 | F8: http_error | G8: 5
A9: DEMO | B9: faas | C9: burst | D9: read | E9: 0 | F9: transport_or_timeout | G9: 3
A10: DEMO | B10: faas | C10: burst | D10: read | E10: 200 | F10: business_error | G10: 2
A11: DEMO | B11: faas | C11: burst | D11: read | E11: 200 | F11: none | G11: 2868
A12: DEMO | B12: faas | C12: burst | D12: read | E12: 503 | F12: http_error | G12: 27
A13: DEMO | B13: faas | C13: burst | D13: write | E13: 0 | F13: transport_or_timeout | G13: 2
A14: DEMO | B14: faas | C14: burst | D14: write | E14: 201 | F14: business_error | G14: 2
A15: DEMO | B15: faas | C15: burst | D15: write | E15: 201 | F15: none | G15: 805
A16: DEMO | B16: faas | C16: burst | D16: write | E16: 503 | F16: http_error | G16: 10
A17: DEMO | B17: faas | C17: idle | D17: cpu | E17: 200 | F17: none | G17: 9
... A87: DEMO | B87: paas | C87: steady | D87: write | E87: 503 | F87: http_error | G87: 10

Sheet Cost Breakdown
A1: Cost Breakdown
A2: SIMULATED DATA – NOT REAL CLOUD MEASUREMENTS
A3: results\financial\demo\cost_breakdown.csv
A5: level | B5: data_mode | C5: model | D5: component | E5: usd
A6: low | B6: DEMO | C6: iaas | D6: firestore_read | E6: 0.02583
A7: low | B7: DEMO | C7: iaas | D7: firestore_write | E7: 0.02214
A8: low | B8: DEMO | C8: iaas | D8: firestore_delete | E8: 0
A9: low | B9: DEMO | C9: iaas | D9: firestore_storage | E9: 0.1846
A10: low | B10: DEMO | C10: iaas | D10: firestore_network_optional | E10: 0
A11: low | B11: DEMO | C11: iaas | D11: network | E11: 0
A12: low | B12: DEMO | C12: iaas | D12: logging | E12: 0
A13: low | B13: DEMO | C13: iaas | D13: monitoring | E13: 0
A14: low | B14: DEMO | C14: iaas | D14: build | E14: 0
A15: low | B15: DEMO | C15: iaas | D15: artifact | E15: 0
A16: low | B16: DEMO | C16: iaas | D16: backup_auxiliary | E16: 0
A17: low | B17: DEMO | C17: iaas | D17: labor | E17: 0
... A140: high | B140: DEMO | C140: faas | D140: requests | E140: 8

Sheet Cost Summary
A1: Cost Summary | N1: Cost comparison | formula-linked totals
A2: SIMULATED DATA – NOT REAL CLOUD MEASUREMENTS | N2: SIMULATED DATA – NOT REAL CLOUD MEASUREMENTS
A3: results\financial\demo\cost_levels.csv; totals recalculate from Cost Breakdown | N3: Cost Summary and Cost Breakdown; USD/month estimates; capacity separately validated
A5: level | B5: model | C5: monthly_requests | D5: python_total_usd | E5: python_compute_usd | F5: python_shared_usd | G5: python_without_shared_usd | H5: python_unit_usd | I5: capacity_status | J5: calculated_total_usd | K5: difference_usd | L5: check | M5: lookup_key | N5: Model | O5: Low USD | P5: Medium USD | Q5: High USD
A6: low | B6: iaas | C6: 100000 | D6: 61.018852 | E6: 60.346282 | F6: 0.23257 | G6: 60.786282 | H6: 610.18852 | I6: UNVERIFIED | J6: =SUMIFS('Cost Breakdown'!$E$6:$E$140,'Cost Breakdown'!$A$6:$A$140,A6,'Cost Breakdown'!$C$6:$C$140,B6) -> 61.018852 | K6: =J6-D6 -> 0 | L6: =IF(ABS(K6)<0.000001,"OK","CHECK") -> OK | M6: =A6&"|"&B6 -> low|iaas | N6: IAAS | O6: =SUMIFS($J$6:$J$14,$A$6:$A$14,"low",$B$6:$B$14,LOWER(N6)) -> 61.018852 | P6: =SUMIFS($J$6:$J$14,$A$6:$A$14,"medium",$B$6:$B$14,LOWER(N6)) -> 61.930282 | Q6: =SUMIFS($J$6:$J$14,$A$6:$A$14,"high",$B$6:$B$14,LOWER(N6)) -> 70.564882
A7: low | B7: paas | C7: 100000 | D7: 0.64437697 | E7: 0.37180697 | F7: 0.23257 | G7: 0.41180697 | H7: 6.4437697 | I7: ESTIMATED_SUPPORTED | J7: =SUMIFS('Cost Breakdown'!$E$6:$E$140,'Cost Breakdown'!$A$6:$A$140,A7,'Cost Breakdown'!$C$6:$C$140,B7) -> 0.64437697 | K7: =J7-D7 -> 0 | L7: =IF(ABS(K7)<0.000001,"OK","CHECK") -> OK | M7: =A7&"|"&B7 -> low|paas | N7: PAAS | O7: =SUMIFS($J$6:$J$14,$A$6:$A$14,"low",$B$6:$B$14,LOWER(N7)) -> 0.64437697 | P7: =SUMIFS($J$6:$J$14,$A$6:$A$14,"medium",$B$6:$B$14,LOWER(N7)) -> 8.9718688 | Q7: =SUMIFS($J$6:$J$14,$A$6:$A$14,"high",$B$6:$B$14,LOWER(N7)) -> 66.233804
A8: low | B8: faas | C8: 100000 | D8: 0.64437697 | E8: 0.37180697 | F8: 0.23257 | G8: 0.41180697 | H8: 6.4437697 | I8: ESTIMATED_SUPPORTED | J8: =SUMIFS('Cost Breakdown'!$E$6:$E$140,'Cost Breakdown'!$A$6:$A$140,A8,'Cost Breakdown'!$C$6:$C$140,B8) -> 0.64437697 | K8: =J8-D8 -> 0 | L8: =IF(ABS(K8)<0.000001,"OK","CHECK") -> OK | M8: =A8&"|"&B8 -> low|faas | N8: FAAS | O8: =SUMIFS($J$6:$J$14,$A$6:$A$14,"low",$B$6:$B$14,LOWER(N8)) -> 0.64437697 | P8: =SUMIFS($J$6:$J$14,$A$6:$A$14,"medium",$B$6:$B$14,LOWER(N8)) -> 8.9718688 | Q8: =SUMIFS($J$6:$J$14,$A$6:$A$14,"high",$B$6:$B$14,LOWER(N8)) -> 66.233804
A9: medium | B9: iaas | C9: 2000000 | D9: 61.930282 | E9: 60.346282 | F9: 1.144 | G9: 60.786282 | H9: 30.965141 | I9: UNVERIFIED | J9: =SUMIFS('Cost Breakdown'!$E$6:$E$140,'Cost Breakdown'!$A$6:$A$140,A9,'Cost Breakdown'!$C$6:$C$140,B9) -> 61.930282 | K9: =J9-D9 -> 0 | L9: =IF(ABS(K9)<0.000001,"OK","CHECK") -> OK | M9: =A9&"|"&B9 -> medium|iaas
A10: medium | B10: paas | C10: 2000000 | D10: 8.9718688 | E10: 7.0278688 | F10: 1.144 | G10: 7.8278688 | H10: 4.4859344 | I10: ESTIMATED_SUPPORTED | J10: =SUMIFS('Cost Breakdown'!$E$6:$E$140,'Cost Breakdown'!$A$6:$A$140,A10,'Cost Breakdown'!$C$6:$C$140,B10) -> 8.9718688 | K10: =J10-D10 -> 0 | L10: =IF(ABS(K10)<0.000001,"OK","CHECK") -> OK | M10: =A10&"|"&B10 -> medium|paas
A11: medium | B11: faas | C11: 2000000 | D11: 8.9718688 | E11: 7.0278688 | F11: 1.144 | G11: 7.8278688 | H11: 4.4859344 | I11: ESTIMATED_SUPPORTED | J11: =SUMIFS('Cost Breakdown'!$E$6:$E$140,'Cost Breakdown'!$A$6:$A$140,A11,'Cost Breakdown'!$C$6:$C$140,B11) -> 8.9718688 | K11: =J11-D11 -> 0 | L11: =IF(ABS(K11)<0.000001,"OK","CHECK") -> OK | M11: =A11&"|"&B11 -> medium|faas
A12: high | B12: iaas | C12: 20000000 | D12: 70.564882 | E12: 60.346282 | F12: 9.7786 | G12: 60.786282 | H12: 3.5282441 | I12: UNVERIFIED | J12: =SUMIFS('Cost Breakdown'!$E$6:$E$140,'Cost Breakdown'!$A$6:$A$140,A12,'Cost Breakdown'!$C$6:$C$140,B12) -> 70.564882 | K12: =J12-D12 -> 0 | L12: =IF(ABS(K12)<0.000001,"OK","CHECK") -> OK | M12: =A12&"|"&B12 -> high|iaas
A13: high | B13: paas | C13: 20000000 | D13: 66.233804 | E13: 48.455204 | F13: 9.7786 | G13: 56.455204 | H13: 3.3116902 | I13: ESTIMATED_SUPPORTED | J13: =SUMIFS('Cost Breakdown'!$E$6:$E$140,'Cost Breakdown'!$A$6:$A$140,A13,'Cost Breakdown'!$C$6:$C$140,B13) -> 66.233804 | K13: =J13-D13 -> 0 | L13: =IF(ABS(K13)<0.000001,"OK","CHECK") -> OK | M13: =A13&"|"&B13 -> high|paas
A14: high | B14: faas | C14: 20000000 | D14: 66.233804 | E14: 48.455204 | F14: 9.7786 | G14: 56.455204 | H14: 3.3116902 | I14: ESTIMATED_SUPPORTED | J14: =SUMIFS('Cost Breakdown'!$E$6:$E$140,'Cost Breakdown'!$A$6:$A$140,A14,'Cost Breakdown'!$C$6:$C$140,B14) -> 66.233804 | K14: =J14-D14 -> 0 | L14: =IF(ABS(K14)<0.000001,"OK","CHECK") -> OK | M14: =A14&"|"&B14 -> high|faas

Sheet Sensitivity
A1: Sensitivity
A2: SIMULATED DATA – NOT REAL CLOUD MEASUREMENTS
A3: results\financial\demo\sensitivity.csv — frozen Python scenario runs; rerun CLI after edits
A5: data_mode | B5: model | C5: parameter | D5: direction | E5: base_usd | F5: total_usd | G5: delta_usd | H5: capacity_status | I5: note
A6: DEMO | B6: iaas | C6: monthly_requests | D6: low | E6: 61.930282 | F6: 61.450582 | G6: -0.4797 | H6: UNVERIFIED
A7: DEMO | B7: iaas | C7: monthly_requests | D7: high | E7: 61.930282 | F7: 62.409982 | G7: 0.4797 | H7: UNVERIFIED
A8: DEMO | B8: iaas | C8: cpu_execution_time | D8: low | E8: 61.930282 | F8: 61.930282 | G8: 0 | H8: UNVERIFIED
A9: DEMO | B9: iaas | C9: cpu_execution_time | D9: high | E9: 61.930282 | F9: 61.930282 | G9: 0 | H9: UNVERIFIED
A10: DEMO | B10: iaas | C10: memory_gib | D10: low | E10: 61.930282 | F10: 61.930282 | G10: 0 | H10: UNVERIFIED | I10: IaaS memory/concurrency change needs a separately priced VM/config
A11: DEMO | B11: iaas | C11: memory_gib | D11: high | E11: 61.930282 | F11: 61.930282 | G11: 0 | H11: UNVERIFIED | I11: IaaS memory/concurrency change needs a separately priced VM/config
A12: DEMO | B12: iaas | C12: read_ratio | D12: low | E12: 61.930282 | F12: 62.188582 | G12: 0.2583 | H12: UNVERIFIED
A13: DEMO | B13: iaas | C13: read_ratio | D13: high | E13: 61.930282 | F13: 61.745782 | G13: -0.1845 | H13: UNVERIFIED
A14: DEMO | B14: iaas | C14: response_bytes | D14: low | E14: 61.930282 | F14: 61.930282 | G14: 0 | H14: UNVERIFIED
A15: DEMO | B15: iaas | C15: response_bytes | D15: high | E15: 61.930282 | F15: 61.930282 | G15: 0 | H15: UNVERIFIED
A16: DEMO | B16: iaas | C16: concurrency | D16: low | E16: 61.930282 | F16: 61.930282 | G16: 0 | H16: UNVERIFIED | I16: IaaS memory/concurrency change needs a separately priced VM/config
A17: DEMO | B17: iaas | C17: concurrency | D17: high | E17: 61.930282 | F17: 61.930282 | G17: 0 | H17: UNVERIFIED | I17: IaaS memory/concurrency change needs a separately priced VM/config
A18: DEMO | B18: iaas | C18: peak_to_average | D18: low | E18: 61.930282 | F18: 61.930282 | G18: 0 | H18: UNVERIFIED
A19: DEMO | B19: iaas | C19: peak_to_average | D19: high | E19: 61.930282 | F19: 61.930282 | G19: 0 | H19: UNVERIFIED
A20: DEMO | B20: iaas | C20: active_hours_per_day | D20: low | E20: 61.930282 | F20: 61.930282 | G20: 0 | H20: UNVERIFIED
A21: DEMO | B21: iaas | C21: active_hours_per_day | D21: high | E21: 61.930282 | F21: 61.930282 | G21: 0 | H21: UNVERIFIED
A22: DEMO | B22: iaas | C22: min_instances | D22: low | E22: 61.930282 | F22: 61.930282 | G22: 0 | H22: UNVERIFIED | I22: IaaS memory/concurrency change needs a separately priced VM/config
A23: DEMO | B23: iaas | C23: min_instances | D23: high | E23: 61.930282 | F23: 61.930282 | G23: 0 | H23: UNVERIFIED | I23: IaaS memory/concurrency change needs a separately priced VM/config
A24: DEMO | B24: iaas | C24: price_multiplier | D24: low | E24: 61.930282 | F24: 30.965141 | G24: -30.965141 | H24: UNVERIFIED
A25: DEMO | B25: iaas | C25: price_multiplier | D25: high | E25: 61.930282 | F25: 92.895423 | G25: 30.965141 | H25: UNVERIFIED
A26: DEMO | B26: iaas | C26: labor_usd_per_hour | D26: low | E26: 61.930282 | F26: 61.930282 | G26: 0 | H26: UNVERIFIED
A27: DEMO | B27: iaas | C27: labor_usd_per_hour | D27: high | E27: 61.930282 | F27: 61.930282 | G27: 0 | H27: UNVERIFIED
A28: DEMO | B28: paas | C28: monthly_requests | D28: low | E28: 8.9718688 | F28: 4.674445 | G28: -4.2974237 | H28: ESTIMATED_SUPPORTED
A29: DEMO | B29: paas | C29: monthly_requests | D29: high | E29: 8.9718688 | F29: 13.09608 | G29: 4.1242111 | H29: ESTIMATED_SUPPORTED
A30: DEMO | B30: paas | C30: cpu_execution_time | D30: low | E30: 8.9718688 | F30: 8.9718688 | G30: 0 | H30: ESTIMATED_SUPPORTED
A31: DEMO | B31: paas | C31: cpu_execution_time | D31: high | E31: 8.9718688 | F31: 8.9718688 | G31: 0 | H31: ESTIMATED_SUPPORTED
A32: DEMO | B32: paas | C32: memory_gib | D32: low | E32: 8.9718688 | F32: 8.6403655 | G32: -0.33150324 | H32: ESTIMATED_SUPPORTED
A33: DEMO | B33: paas | C33: memory_gib | D33: high | E33: 8.9718688 | F33: 9.303372 | G33: 0.33150324 | H33: ESTIMATED_SUPPORTED
A34: DEMO | B34: paas | C34: read_ratio | D34: low | E34: 8.9718688 | F34: 9.2301688 | G34: 0.2583 | H34: ESTIMATED_SUPPORTED
A35: DEMO | B35: paas | C35: read_ratio | D35: high | E35: 8.9718688 | F35: 8.7873688 | G35: -0.1845 | H35: ESTIMATED_SUPPORTED
... A71: DEMO | B71: faas | C71: labor_usd_per_hour | D71: high | E71: 8.9718688 | F71: 8.9718688 | G71: 0 | H71: ESTIMATED_SUPPORTED

Sheet Pricing Sources
A1: Pricing Sources
A2: SIMULATED DATA – NOT REAL CLOUD MEASUREMENTS
A3: configs/pricing_catalog.yaml; reports/sources/source_manifest.json
A5: key | B5: service | C5: sku_description | D5: unit | E5: unit_price_usd | F5: region | G5: retrieved_date | H5: effective_date | I5: source_url | J5: status
A6: vm_hour | B6: Compute Engine | C6: E2 standard 2 vCPU 8 GiB on-demand Linux | D6: VM-hour | E6: 0.08266614 | F6: asia-southeast1 | G6: 2026-10-31 | I6: https://cloud.google.com/products/compute/pricing/general-purpose | J6: PUBLIC_LIST_PRICE_SNAPSHOT
A7: run_cpu_request | B7: Cloud Run | C7: Active CPU request-based Singapore | D7: vCPU-second | E7: 3.36e-05 | F7: asia-southeast1 | G7: 2026-10-31 | I7: https://cloud.google.com/run/pricing | J7: PUBLIC_LIST_PRICE_SNAPSHOT
A8: run_memory_request | B8: Cloud Run | C8: Active memory request-based Singapore | D8: GiB-second | E8: 3.5e-06 | F8: asia-southeast1 | G8: 2026-10-31 | I8: https://cloud.google.com/run/pricing | J8: PUBLIC_LIST_PRICE_SNAPSHOT
A9: run_cpu_idle | B9: Cloud Run | C9: Minimum instance idle CPU Singapore | D9: vCPU-second | E9: 3.5e-06 | F9: asia-southeast1 | G9: 2026-10-31 | I9: https://cloud.google.com/run/pricing | J9: PUBLIC_LIST_PRICE_SNAPSHOT
A10: run_memory_idle | B10: Cloud Run | C10: Minimum instance idle memory Singapore | D10: GiB-second | E10: 3.5e-06 | F10: asia-southeast1 | G10: 2026-10-31 | I10: https://cloud.google.com/run/pricing | J10: PUBLIC_LIST_PRICE_SNAPSHOT
A11: run_cpu_instance | B11: Cloud Run | C11: Instance based CPU Singapore | D11: vCPU-second | E11: 2.16e-05 | F11: asia-southeast1 | G11: 2026-10-31 | I11: https://cloud.google.com/run/pricing | J11: PUBLIC_LIST_PRICE_SNAPSHOT
A12: run_memory_instance | B12: Cloud Run | C12: Instance based memory Singapore | D12: GiB-second | E12: 2.4e-06 | F12: asia-southeast1 | G12: 2026-10-31 | I12: https://cloud.google.com/run/pricing | J12: PUBLIC_LIST_PRICE_SNAPSHOT
A13: run_request | B13: Cloud Run | C13: HTTP requests | D13: request | E13: 4e-07 | F13: asia-southeast1 | G13: 2026-10-31 | I13: https://cloud.google.com/run/pricing | J13: PUBLIC_LIST_PRICE_SNAPSHOT
A14: firestore_read | B14: Firestore | C14: Document read Singapore Standard | D14: operation | E14: 3.69e-07 | F14: asia-southeast1 | G14: 2026-10-31 | I14: https://cloud.google.com/firestore/pricing | J14: PUBLIC_LIST_PRICE_SNAPSHOT
A15: firestore_write | B15: Firestore | C15: Document write Singapore Standard | D15: operation | E15: 1.107e-06 | F15: asia-southeast1 | G15: 2026-10-31 | I15: https://cloud.google.com/firestore/pricing | J15: PUBLIC_LIST_PRICE_SNAPSHOT
A16: firestore_delete | B16: Firestore | C16: Document delete Singapore Standard | D16: operation | E16: 1.23e-07 | F16: asia-southeast1 | G16: 2026-10-31 | I16: https://cloud.google.com/firestore/pricing | J16: PUBLIC_LIST_PRICE_SNAPSHOT
A17: firestore_storage | B17: Firestore | C17: Stored data Singapore Standard | D17: GiB-month | E17: 0.1846 | F17: asia-southeast1 | G17: 2026-10-31 | I17: https://cloud.google.com/firestore/pricing | J17: PUBLIC_LIST_PRICE_SNAPSHOT
A18: disk_gib_month | B18: Compute Engine | C18: Standard zonal persistent disk Singapore | D18: GiB-month | E18: 0.044 | F18: asia-southeast1 | G18: 2026-10-31 | I18: https://cloud.google.com/compute/disks-image-pricing | J18: PUBLIC_LIST_PRICE_SNAPSHOT
A19: ipv4_hour | B19: VPC | C19: In-use external IPv4 standard VM | D19: IP-hour | F19: asia-southeast1 | G19: 2026-10-31 | I19: https://cloud.google.com/vpc/network-pricing | J19: MISSING_UPDATE_BEFORE_USE
A20: egress_gib | B20: Network | C20: User selected destination and route | D20: GiB | F20: asia-southeast1 | G20: 2026-10-31 | I20: https://cloud.google.com/vpc/network-pricing | J20: MISSING_UPDATE_BEFORE_USE
A21: logging_gib | B21: Observability | C21: Logging storage ingestion | D21: GiB | F21: asia-southeast1 | G21: 2026-10-31 | I21: https://cloud.google.com/stackdriver/pricing | J21: MISSING_UPDATE_BEFORE_USE
A22: monitoring_mib | B22: Observability | C22: User selected billable metrics | D22: MiB | F22: asia-southeast1 | G22: 2026-10-31 | I22: https://cloud.google.com/stackdriver/pricing | J22: MISSING_UPDATE_BEFORE_USE
A23: build_minute | B23: Cloud Build | C23: User selected build machine | D23: minute | F23: asia-southeast1 | G23: 2026-10-31 | I23: https://cloud.google.com/build/pricing | J23: MISSING_UPDATE_BEFORE_USE
A24: artifact_gib_month | B24: Artifact Registry | C24: Artifact storage | D24: GiB-month | F24: asia-southeast1 | G24: 2026-10-31 | I24: https://cloud.google.com/artifact-registry/pricing | J24: MISSING_UPDATE_BEFORE_USE

Sheet Assumptions
A1: Assumptions
A2: SIMULATED DATA – NOT REAL CLOUD MEASUREMENTS
A3: results\financial\demo\workload_assumptions.json
A5: parameter | B5: value | C5: source | D5: note
A6: data_mode | B6: DEMO | C6: configs/cost_workloads.yaml | D6: Snapshot; change YAML and rerun cost/export. Not a live Excel occupancy model.
A7: label | B7: SIMULATED DATA – NOT REAL CLOUD MEASUREMENTS | C7: configs/cost_workloads.yaml | D7: Snapshot; change YAML and rerun cost/export. Not a live Excel occupancy model.
A8: traffic_levels.low | B8: 100000 | C8: configs/cost_workloads.yaml | D8: Snapshot; change YAML and rerun cost/export. Not a live Excel occupancy model.
A9: traffic_levels.medium | B9: 2000000 | C9: configs/cost_workloads.yaml | D9: Snapshot; change YAML and rerun cost/export. Not a live Excel occupancy model.
A10: traffic_levels.high | B10: 20000000 | C10: configs/cost_workloads.yaml | D10: Snapshot; change YAML and rerun cost/export. Not a live Excel occupancy model.
A11: assumptions.mix.read | B11: 0.7 | C11: configs/cost_workloads.yaml | D11: Snapshot; change YAML and rerun cost/export. Not a live Excel occupancy model.
A12: assumptions.mix.write | B12: 0.2 | C12: configs/cost_workloads.yaml | D12: Snapshot; change YAML and rerun cost/export. Not a live Excel occupancy model.
A13: assumptions.mix.cpu | B13: 0.1 | C13: configs/cost_workloads.yaml | D13: Snapshot; change YAML and rerun cost/export. Not a live Excel occupancy model.
A14: assumptions.mean_duration_seconds.read | B14: 0.04 | C14: configs/cost_workloads.yaml | D14: Snapshot; change YAML and rerun cost/export. Not a live Excel occupancy model.
A15: assumptions.mean_duration_seconds.write | B15: 0.06 | C15: configs/cost_workloads.yaml | D15: Snapshot; change YAML and rerun cost/export. Not a live Excel occupancy model.
A16: assumptions.mean_duration_seconds.cpu | B16: 0.15 | C16: configs/cost_workloads.yaml | D16: Snapshot; change YAML and rerun cost/export. Not a live Excel occupancy model.
A17: assumptions.mean_cpu_seconds.read | B17: 0.002 | C17: configs/cost_workloads.yaml | D17: Snapshot; change YAML and rerun cost/export. Not a live Excel occupancy model.
A18: assumptions.mean_cpu_seconds.write | B18: 0.004 | C18: configs/cost_workloads.yaml | D18: Snapshot; change YAML and rerun cost/export. Not a live Excel occupancy model.
A19: assumptions.mean_cpu_seconds.cpu | B19: 0.12 | C19: configs/cost_workloads.yaml | D19: Snapshot; change YAML and rerun cost/export. Not a live Excel occupancy model.
... A21: assumptions.vm_hours | B21: 730 | C21: configs/cost_workloads.yaml | D21: Snapshot; change YAML and rerun cost/export. Not a live Excel occupancy model.
A22: assumptions.distribution | B22: uniform | C22: configs/cost_workloads.yaml | D22: Snapshot; change YAML and rerun cost/export. Not a live Excel occupancy model.
A23: assumptions.active_hours_per_day | B23: 8 | C23: configs/cost_workloads.yaml | D23: Snapshot; change YAML and rerun cost/export. Not a live Excel occupancy model.
A24: assumptions.peak_to_average | B24: 5 | C24: configs/cost_workloads.yaml | D24: Snapshot; change YAML and rerun cost/export. Not a live Excel occupancy model.
A25: assumptions.idle_ratio | B25: 0.5 | C25: configs/cost_workloads.yaml | D25: Snapshot; change YAML and rerun cost/export. Not a live Excel occupancy model.
A26: assumptions.response_bytes | B26: 1024 | C26: configs/cost_workloads.yaml | D26: Snapshot; change YAML and rerun cost/export. Not a live Excel occupancy model.
A27: assumptions.internet_egress_fraction | B27: 0 | C27: configs/cost_workloads.yaml | D27: Snapshot; change YAML and rerun cost/export. Not a live Excel occupancy model.
A28: assumptions.firestore_reads_per_get | B28: 1 | C28: configs/cost_workloads.yaml | D28: Snapshot; change YAML and rerun cost/export. Not a live Excel occupancy model.
A29: assumptions.firestore_writes_per_post | B29: 1 | C29: configs/cost_workloads.yaml | D29: Snapshot; change YAML and rerun cost/export. Not a live Excel occupancy model.
A30: assumptions.firestore_deletes_per_request | B30: 0 | C30: configs/cost_workloads.yaml | D30: Snapshot; change YAML and rerun cost/export. Not a live Excel occupancy model.
A31: assumptions.firestore_index_read_batches_per_get | B31: 0 | C31: configs/cost_workloads.yaml | D31: Snapshot; change YAML and rerun cost/export. Not a live Excel occupancy model.
A32: assumptions.firestore_retry_multiplier | B32: 1 | C32: configs/cost_workloads.yaml | D32: Snapshot; change YAML and rerun cost/export. Not a live Excel occupancy model.
A33: assumptions.firestore_storage_gib | B33: 1 | C33: configs/cost_workloads.yaml | D33: Snapshot; change YAML and rerun cost/export. Not a live Excel occupancy model.
A34: assumptions.firestore_network_usd | B34: 0 | C34: configs/cost_workloads.yaml | D34: Snapshot; change YAML and rerun cost/export. Not a live Excel occupancy model.
... A45: assumptions.price_multiplier | B45: 1 | C45: configs/cost_workloads.yaml | D45: Snapshot; change YAML and rerun cost/export. Not a live Excel occupancy model.
A46: assumptions.free_tier | B46: FALSE | C46: configs/cost_workloads.yaml | D46: Snapshot; change YAML and rerun cost/export. Not a live Excel occupancy model.
A47: assumptions.free_tier_eligible | B47: FALSE | C47: configs/cost_workloads.yaml | D47: Snapshot; change YAML and rerun cost/export. Not a live Excel occupancy model.
A48: assumptions.free_tier_remaining_fraction | B48: 1 | C48: configs/cost_workloads.yaml | D48: Snapshot; change YAML and rerun cost/export. Not a live Excel occupancy model.
A49: assumptions.firestore_free_eligible | B49: FALSE | C49: configs/cost_workloads.yaml | D49: Snapshot; change YAML and rerun cost/export. Not a live Excel occupancy model.
A50: assumptions.free_tier_scope | B50: mutually_exclusive_alternatives | C50: configs/cost_workloads.yaml | D50: Snapshot; change YAML and rerun cost/export. Not a live Excel occupancy model.
A51: models.iaas.billing_mode | B51: vm | C51: configs/cost_workloads.yaml | D51: Snapshot; change YAML and rerun cost/export. Not a live Excel occupancy model.
A52: models.iaas.vm_count | B52: 1 | C52: configs/cost_workloads.yaml | D52: Snapshot; change YAML and rerun cost/export. Not a live Excel occupancy model.
A53: models.iaas.capacity_rps | C53: configs/cost_workloads.yaml | D53: Snapshot; change YAML and rerun cost/export. Not a live Excel occupancy model.
A54: models.iaas.labor_hours | B54: 0 | C54: configs/cost_workloads.yaml | D54: Snapshot; change YAML and rerun cost/export. Not a live Excel occupancy model.
A55: models.paas.billing_mode | B55: request | C55: configs/cost_workloads.yaml | D55: Snapshot; change YAML and rerun cost/export. Not a live Excel occupancy model.
A56: models.paas.vcpu | B56: 1 | C56: configs/cost_workloads.yaml | D56: Snapshot; change YAML and rerun cost/export. Not a live Excel occupancy model.
A57: models.paas.memory_gib | B57: 1 | C57: configs/cost_workloads.yaml | D57: Snapshot; change YAML and rerun cost/export. Not a live Excel occupancy model.
A58: models.paas.concurrency | B58: 10 | C58: configs/cost_workloads.yaml | D58: Snapshot; change YAML and rerun cost/export. Not a live Excel occupancy model.
A59: models.paas.min_instances | B59: 0 | C59: configs/cost_workloads.yaml | D59: Snapshot; change YAML and rerun cost/export. Not a live Excel occupancy model.
A60: models.paas.max_instances | B60: 10 | C60: configs/cost_workloads.yaml | D60: Snapshot; change YAML and rerun cost/export. Not a live Excel occupancy model.
A61: models.paas.target_cpu_utilization | B61: 0.6 | C61: configs/cost_workloads.yaml | D61: Snapshot; change YAML and rerun cost/export. Not a live Excel occupancy model.
A62: models.paas.startup_count | B62: 50 | C62: configs/cost_workloads.yaml | D62: Snapshot; change YAML and rerun cost/export. Not a live Excel occupancy model.
A63: models.paas.startup_seconds | B63: 1 | C63: configs/cost_workloads.yaml | D63: Snapshot; change YAML and rerun cost/export. Not a live Excel occupancy model.
A64: models.paas.shutdown_seconds | B64: 0 | C64: configs/cost_workloads.yaml | D64: Snapshot; change YAML and rerun cost/export. Not a live Excel occupancy model.
A65: models.paas.scale_down_tail_seconds | B65: 900 | C65: configs/cost_workloads.yaml | D65: Snapshot; change YAML and rerun cost/export. Not a live Excel occupancy model.
A66: models.paas.labor_hours | B66: 0 | C66: configs/cost_workloads.yaml | D66: Snapshot; change YAML and rerun cost/export. Not a live Excel occupancy model.
A67: models.paas.measured_active_instance_seconds | C67: configs/cost_workloads.yaml | D67: Snapshot; change YAML and rerun cost/export. Not a live Excel occupancy model.
A68: models.paas.measured_lifetime_instance_seconds | C68: configs/cost_workloads.yaml | D68: Snapshot; change YAML and rerun cost/export. Not a live Excel occupancy model.
A69: models.faas.billing_mode | B69: request | C69: configs/cost_workloads.yaml | D69: Snapshot; change YAML and rerun cost/export. Not a live Excel occupancy model.
A70: models.faas.vcpu | B70: 1 | C70: configs/cost_workloads.yaml | D70: Snapshot; change YAML and rerun cost/export. Not a live Excel occupancy model.
A71: models.faas.memory_gib | B71: 1 | C71: configs/cost_workloads.yaml | D71: Snapshot; change YAML and rerun cost/export. Not a live Excel occupancy model.
A72: models.faas.concurrency | B72: 10 | C72: configs/cost_workloads.yaml | D72: Snapshot; change YAML and rerun cost/export. Not a live Excel occupancy model.
A73: models.faas.min_instances | B73: 0 | C73: configs/cost_workloads.yaml | D73: Snapshot; change YAML and rerun cost/export. Not a live Excel occupancy model.
A74: models.faas.max_instances | B74: 10 | C74: configs/cost_workloads.yaml | D74: Snapshot; change YAML and rerun cost/export. Not a live Excel occupancy model.
A75: models.faas.target_cpu_utilization | B75: 0.6 | C75: configs/cost_workloads.yaml | D75: Snapshot; change YAML and rerun cost/export. Not a live Excel occupancy model.
A76: models.faas.startup_count | B76: 50 | C76: configs/cost_workloads.yaml | D76: Snapshot; change YAML and rerun cost/export. Not a live Excel occupancy model.
A77: models.faas.startup_seconds | B77: 1 | C77: configs/cost_workloads.yaml | D77: Snapshot; change YAML and rerun cost/export. Not a live Excel occupancy model.
A78: models.faas.shutdown_seconds | B78: 0 | C78: configs/cost_workloads.yaml | D78: Snapshot; change YAML and rerun cost/export. Not a live Excel occupancy model.
A79: models.faas.scale_down_tail_seconds | B79: 900 | C79: configs/cost_workloads.yaml | D79: Snapshot; change YAML and rerun cost/export. Not a live Excel occupancy model.
A80: models.faas.labor_hours | B80: 0 | C80: configs/cost_workloads.yaml | D80: Snapshot; change YAML and rerun cost/export. Not a live Excel occupancy model.
A81: models.faas.measured_active_instance_seconds | C81: configs/cost_workloads.yaml | D81: Snapshot; change YAML and rerun cost/export. Not a live Excel occupancy model.
A82: models.faas.measured_lifetime_instance_seconds | C82: configs/cost_workloads.yaml | D82: Snapshot; change YAML and rerun cost/export. Not a live Excel occupancy model.

Sheet Break Even
A1: Break Even
A2: SIMULATED DATA – NOT REAL CLOUD MEASUREMENTS
A3: results\financial\demo\break_even.json
A5: left | B5: right | C5: status | D5: roots_requests | E5: coincident_intervals | F5: discontinuities | G5: limitation
A6: iaas | B6: paas | C6: ROOTS_FOUND | D6: [22234780.990233496] | E6: [] | F6: [] | G6: finite search cannot guarantee every narrow/tangent intersection
A7: iaas | B7: faas | C7: ROOTS_FOUND | D7: [22234780.990233496] | E7: [] | F7: [] | G7: finite search cannot guarantee every narrow/tangent intersection
A8: paas | B8: faas | C8: COINCIDENT_INTERVAL | D8: [] | E8: [[0.0, 1000000000.0]] | F8: [] | G8: finite search cannot guarantee every narrow/tangent intersection

Sheet Method and Provenance
A1: Method and Provenance
A2: SIMULATED DATA – NOT REAL CLOUD MEASUREMENTS
A3: README.md; reports/methodology.md; docs/metric_definitions.md
A5: item | B5: description
A6: Data mode | B6: DEMO
A7: Raw data | B7: C:\Users\Admin\Downloads\deadlinePhucHoang\demo_data
A8: Units | B8: Latency ms; durations s; throughput req/s; money USD/month; ratios already in percent where _pct
A9: Statistics | B9: Per-run metric snapshots; CI from independent-run bootstrap, not pooled request percentiles
A10: Raw requests | B10: results\processed\demo\requests.csv; original JSONL retained under dataset raw/
A11: Outliers and errors | B11: Retained. Invalid/conflicting records quarantined; see quality.json
A12: Cold scope | B12: Process-first != infrastructure cold. Confirmed needs independent platform evidence
A13: Scaling scope | B13: Minute samples; interval bounds. IaaS fixed VM = N/A
A14: Cost scope | B14: Estimate from public prices + explicit workload assumptions, not invoice
A15: Workbook calculations | B15: Overview and cost reconciliation are Excel formulas. Complex model/CI are frozen Python outputs
A16: Refresh | B16: Run analyze -> cost -> export. Excel fullCalcOnLoad recalculates formula summaries
... A18: Real measurement | B18: NOT EXECUTED
